Date,Zone,Energy_Consumption
2025-01-01,Jebel Ali Zone,38809.30
2025-01-01,Al Quoz Zone,28546.23
2025-01-01,Deira Zone,23618.99
2025-01-01,Bur Dubai Zone,16942.38
2025-01-01,Rashidiya Zone,13133.97
2025-01-02,Jebel Ali Zone,34360.29
2025-01-02,Al Quoz Zone,26076.03
2025-01-02,Deira Zone,24957.14
2025-01-02,Bur Dubai Zone,19450.43
2025-01-02,Rashidiya Zone,14982.81
2025-01-03,Jebel Ali Zone,34747.39
2025-01-03,Al Quoz Zone,24939.78
2025-01-03,Deira Zone,22728.46
2025-01-03,Bur Dubai Zone,17825.30
2025-01-03,Rashidiya Zone,13906.20
2025-01-04,Jebel Ali Zone,27885.24
2025-01-04,Al Quoz Zone,22418.25
2025-01-04,Deira Zone,17940.62
2025-01-04,Bur Dubai Zone,14379.60
2025-01-04,Rashidiya Zone,10593.99
2025-01-05,Jebel Ali Zone,29543.71
2025-01-05,Al Quoz Zone,23791.59
2025-01-05,Deira Zone,17236.95
2025-01-05,Bur Dubai Zone,14658.24
2025-01-05,Rashidiya Zone,11512.23
2025-01-06,Jebel Ali Zone,40385.74
2025-01-06,Al Quoz Zone,26697.00
2025-01-06,Deira Zone,21482.62
2025-01-06,Bur Dubai Zone,18459.66
2025-01-06,Rashidiya Zone,14403.44
2025-01-07,Jebel Ali Zone,37459.67
2025-01-07,Al Quoz Zone,25330.21
2025-01-07,Deira Zone,22018.56
2025-01-07,Bur Dubai Zone,19816.97
2025-01-07,Rashidiya Zone,14574.78
2025-01-08,Jebel Ali Zone,36698.84
2025-01-08,Al Quoz Zone,27563.55
2025-01-08,Deira Zone,21660.89
2025-01-08,Bur Dubai Zone,20062.89
2025-01-08,Rashidiya Zone,14863.72
2025-01-09,Jebel Ali Zone,39050.90
2025-01-09,Al Quoz Zone,26693.57
2025-01-09,Deira Zone,21016.18
2025-01-09,Bur Dubai Zone,18938.46
2025-01-09,Rashidiya Zone,14922.27
2025-01-10,Jebel Ali Zone,37162.68
2025-01-10,Al Quoz Zone,25980.33
2025-01-10,Deira Zone,24977.14
2025-01-10,Bur Dubai Zone,20328.25
2025-01-10,Rashidiya Zone,13736.04
2025-01-11,Jebel Ali Zone,31972.74
2025-01-11,Al Quoz Zone,22747.91
2025-01-11,Deira Zone,19715.69
2025-01-11,Bur Dubai Zone,13975.81
2025-01-11,Rashidiya Zone,12094.18
2025-01-12,Jebel Ali Zone,31343.88
2025-01-12,Al Quoz Zone,23638.15
2025-01-12,Deira Zone,18260.64
2025-01-12,Bur Dubai Zone,14300.80
2025-01-12,Rashidiya Zone,12266.85
2025-01-13,Jebel Ali Zone,39521.35
2025-01-13,Al Quoz Zone,27949.56
2025-01-13,Deira Zone,25199.52
2025-01-13,Bur Dubai Zone,19631.13
2025-01-13,Rashidiya Zone,12817.33
2025-01-14,Jebel Ali Zone,36286.50
2025-01-14,Al Quoz Zone,28673.25
2025-01-14,Deira Zone,23926.48
2025-01-14,Bur Dubai Zone,19824.38
2025-01-14,Rashidiya Zone,12859.68
2025-01-15,Jebel Ali Zone,41106.22
2025-01-15,Al Quoz Zone,26333.50
2025-01-15,Deira Zone,25968.95
2025-01-15,Bur Dubai Zone,18928.24
2025-01-15,Rashidiya Zone,13606.08
2025-01-16,Jebel Ali Zone,37991.30
2025-01-16,Al Quoz Zone,25653.21
2025-01-16,Deira Zone,21420.01
2025-01-16,Bur Dubai Zone,18971.64
2025-01-16,Rashidiya Zone,14964.22
2025-01-17,Jebel Ali Zone,34928.18
2025-01-17,Al Quoz Zone,26351.32
2025-01-17,Deira Zone,21809.98
2025-01-17,Bur Dubai Zone,17344.37
2025-01-17,Rashidiya Zone,15693.89
2025-01-18,Jebel Ali Zone,30233.63
2025-01-18,Al Quoz Zone,22718.63
2025-01-18,Deira Zone,19001.24
2025-01-18,Bur Dubai Zone,15409.45
2025-01-18,Rashidiya Zone,11016.78
2025-01-19,Jebel Ali Zone,33631.81
2025-01-19,Al Quoz Zone,25393.41
2025-01-19,Deira Zone,19733.77
2025-01-19,Bur Dubai Zone,17120.06
2025-01-19,Rashidiya Zone,10595.18
2025-01-20,Jebel Ali Zone,41936.52
2025-01-20,Al Quoz Zone,28871.90
2025-01-20,Deira Zone,24701.01
2025-01-20,Bur Dubai Zone,19360.51
2025-01-20,Rashidiya Zone,12972.48
2025-01-21,Jebel Ali Zone,40573.96
2025-01-21,Al Quoz Zone,30449.81
2025-01-21,Deira Zone,23049.90
2025-01-21,Bur Dubai Zone,18805.57
2025-01-21,Rashidiya Zone,13513.74
2025-01-22,Jebel Ali Zone,35915.66
2025-01-22,Al Quoz Zone,29710.11
2025-01-22,Deira Zone,23733.18
2025-01-22,Bur Dubai Zone,19243.37
2025-01-22,Rashidiya Zone,15870.87
2025-01-23,Jebel Ali Zone,36762.59
2025-01-23,Al Quoz Zone,28723.94
2025-01-23,Deira Zone,25537.52
2025-01-23,Bur Dubai Zone,18724.96
2025-01-23,Rashidiya Zone,13747.08
2025-01-24,Jebel Ali Zone,40486.74
2025-01-24,Al Quoz Zone,26908.91
2025-01-24,Deira Zone,26643.28
2025-01-24,Bur Dubai Zone,18513.07
2025-01-24,Rashidiya Zone,13328.57
2025-01-25,Jebel Ali Zone,34826.90
2025-01-25,Al Quoz Zone,22920.44
2025-01-25,Deira Zone,20190.85
2025-01-25,Bur Dubai Zone,16223.10
2025-01-25,Rashidiya Zone,12597.53
2025-01-26,Jebel Ali Zone,32718.18
2025-01-26,Al Quoz Zone,25930.88
2025-01-26,Deira Zone,20299.95
2025-01-26,Bur Dubai Zone,14888.58
2025-01-26,Rashidiya Zone,12541.57
2025-01-27,Jebel Ali Zone,41164.03
2025-01-27,Al Quoz Zone,27183.16
2025-01-27,Deira Zone,24088.14
2025-01-27,Bur Dubai Zone,19477.20
2025-01-27,Rashidiya Zone,16163.89
2025-01-28,Jebel Ali Zone,36896.16
2025-01-28,Al Quoz Zone,28325.10
2025-01-28,Deira Zone,26222.84
2025-01-28,Bur Dubai Zone,20964.76
2025-01-28,Rashidiya Zone,15685.35
2025-01-29,Jebel Ali Zone,39107.52
2025-01-29,Al Quoz Zone,31299.74
2025-01-29,Deira Zone,25078.79
2025-01-29,Bur Dubai Zone,20012.44
2025-01-29,Rashidiya Zone,14234.65
2025-01-30,Jebel Ali Zone,37483.32
2025-01-30,Al Quoz Zone,28703.64
2025-01-30,Deira Zone,24358.13
2025-01-30,Bur Dubai Zone,19025.60
2025-01-30,Rashidiya Zone,14919.67
2025-01-31,Jebel Ali Zone,36656.57
2025-01-31,Al Quoz Zone,27993.87
2025-01-31,Deira Zone,23059.47
2025-01-31,Bur Dubai Zone,20277.48
2025-01-31,Rashidiya Zone,15415.30
2025-02-01,Jebel Ali Zone,30832.16
2025-02-01,Al Quoz Zone,26423.59
2025-02-01,Deira Zone,19115.27
2025-02-01,Bur Dubai Zone,15157.62
2025-02-01,Rashidiya Zone,12226.18
2025-02-02,Jebel Ali Zone,34356.35
2025-02-02,Al Quoz Zone,24577.18
2025-02-02,Deira Zone,22305.51
2025-02-02,Bur Dubai Zone,16374.77
2025-02-02,Rashidiya Zone,12810.67
2025-02-03,Jebel Ali Zone,41126.61
2025-02-03,Al Quoz Zone,27171.14
2025-02-03,Deira Zone,26200.76
2025-02-03,Bur Dubai Zone,19762.49
2025-02-03,Rashidiya Zone,14420.38
2025-02-04,Jebel Ali Zone,39083.84
2025-02-04,Al Quoz Zone,30483.84
2025-02-04,Deira Zone,24013.74
2025-02-04,Bur Dubai Zone,18424.61
2025-02-04,Rashidiya Zone,15215.68
2025-02-05,Jebel Ali Zone,42588.14
2025-02-05,Al Quoz Zone,30329.81
2025-02-05,Deira Zone,27642.31
2025-02-05,Bur Dubai Zone,18461.72
2025-02-05,Rashidiya Zone,16185.86
2025-02-06,Jebel Ali Zone,37823.13
2025-02-06,Al Quoz Zone,27730.53
2025-02-06,Deira Zone,27451.52
2025-02-06,Bur Dubai Zone,21498.61
2025-02-06,Rashidiya Zone,14480.72
2025-02-07,Jebel Ali Zone,39973.23
2025-02-07,Al Quoz Zone,32738.01
2025-02-07,Deira Zone,26609.53
2025-02-07,Bur Dubai Zone,20110.40
2025-02-07,Rashidiya Zone,13974.45
2025-02-08,Jebel Ali Zone,36351.77
2025-02-08,Al Quoz Zone,23996.33
2025-02-08,Deira Zone,19986.38
2025-02-08,Bur Dubai Zone,15514.54
2025-02-08,Rashidiya Zone,12147.16
2025-02-09,Jebel Ali Zone,31482.74
2025-02-09,Al Quoz Zone,25103.37
2025-02-09,Deira Zone,20362.59
2025-02-09,Bur Dubai Zone,17893.44
2025-02-09,Rashidiya Zone,12121.34
2025-02-10,Jebel Ali Zone,41739.00
2025-02-10,Al Quoz Zone,27891.42
2025-02-10,Deira Zone,26102.92
2025-02-10,Bur Dubai Zone,20201.09
2025-02-10,Rashidiya Zone,16080.14
2025-02-11,Jebel Ali Zone,43228.30
2025-02-11,Al Quoz Zone,28016.08
2025-02-11,Deira Zone,26565.21
2025-02-11,Bur Dubai Zone,19493.64
2025-02-11,Rashidiya Zone,14500.99
2025-02-12,Jebel Ali Zone,39027.91
2025-02-12,Al Quoz Zone,28349.81
2025-02-12,Deira Zone,28116.25
2025-02-12,Bur Dubai Zone,21087.55
2025-02-12,Rashidiya Zone,14815.11
2025-02-13,Jebel Ali Zone,39681.13
2025-02-13,Al Quoz Zone,30111.66
2025-02-13,Deira Zone,26585.95
2025-02-13,Bur Dubai Zone,21333.55
2025-02-13,Rashidiya Zone,15276.51
2025-02-14,Jebel Ali Zone,44614.01
2025-02-14,Al Quoz Zone,34294.67
2025-02-14,Deira Zone,24271.99
2025-02-14,Bur Dubai Zone,22346.51
2025-02-14,Rashidiya Zone,15196.07
2025-02-15,Jebel Ali Zone,31559.32
2025-02-15,Al Quoz Zone,23854.32
2025-02-15,Deira Zone,20436.93
2025-02-15,Bur Dubai Zone,15467.21
2025-02-15,Rashidiya Zone,11829.76
2025-02-16,Jebel Ali Zone,31133.38
2025-02-16,Al Quoz Zone,26968.95
2025-02-16,Deira Zone,23213.90
2025-02-16,Bur Dubai Zone,16581.88
2025-02-16,Rashidiya Zone,11902.12
2025-02-17,Jebel Ali Zone,39945.85
2025-02-17,Al Quoz Zone,30015.03
2025-02-17,Deira Zone,27500.38
2025-02-17,Bur Dubai Zone,22510.69
2025-02-17,Rashidiya Zone,14468.24
2025-02-18,Jebel Ali Zone,38659.57
2025-02-18,Al Quoz Zone,28731.28
2025-02-18,Deira Zone,25185.19
2025-02-18,Bur Dubai Zone,19508.02
2025-02-18,Rashidiya Zone,14977.29
2025-02-19,Jebel Ali Zone,44276.65
2025-02-19,Al Quoz Zone,34932.06
2025-02-19,Deira Zone,28776.91
2025-02-19,Bur Dubai Zone,19360.50
2025-02-19,Rashidiya Zone,16864.44
2025-02-20,Jebel Ali Zone,42510.60
2025-02-20,Al Quoz Zone,31012.26
2025-02-20,Deira Zone,27440.92
2025-02-20,Bur Dubai Zone,22860.30
2025-02-20,Rashidiya Zone,15209.18
2025-02-21,Jebel Ali Zone,42225.88
2025-02-21,Al Quoz Zone,35074.91
2025-02-21,Deira Zone,27950.75
2025-02-21,Bur Dubai Zone,22321.56
2025-02-21,Rashidiya Zone,14927.91
2025-02-22,Jebel Ali Zone,35819.66
2025-02-22,Al Quoz Zone,27431.96
2025-02-22,Deira Zone,22809.94
2025-02-22,Bur Dubai Zone,16710.04
2025-02-22,Rashidiya Zone,12810.23
2025-02-23,Jebel Ali Zone,32924.01
2025-02-23,Al Quoz Zone,23968.95
2025-02-23,Deira Zone,20218.01
2025-02-23,Bur Dubai Zone,17844.88
2025-02-23,Rashidiya Zone,13155.18
2025-02-24,Jebel Ali Zone,42299.62
2025-02-24,Al Quoz Zone,35529.98
2025-02-24,Deira Zone,24910.86
2025-02-24,Bur Dubai Zone,19800.62
2025-02-24,Rashidiya Zone,16386.40
2025-02-25,Jebel Ali Zone,44606.74
2025-02-25,Al Quoz Zone,29993.18
2025-02-25,Deira Zone,27842.44
2025-02-25,Bur Dubai Zone,22130.79
2025-02-25,Rashidiya Zone,17077.01
2025-02-26,Jebel Ali Zone,46963.64
2025-02-26,Al Quoz Zone,30716.14
2025-02-26,Deira Zone,25093.07
2025-02-26,Bur Dubai Zone,23594.50
2025-02-26,Rashidiya Zone,16512.92
2025-02-27,Jebel Ali Zone,45266.80
2025-02-27,Al Quoz Zone,33978.27
2025-02-27,Deira Zone,25273.65
2025-02-27,Bur Dubai Zone,23674.00
2025-02-27,Rashidiya Zone,16151.81
2025-02-28,Jebel Ali Zone,41572.04
2025-02-28,Al Quoz Zone,32325.62
2025-02-28,Deira Zone,26936.96
2025-02-28,Bur Dubai Zone,22065.32
2025-02-28,Rashidiya Zone,16725.94
2025-03-01,Jebel Ali Zone,37688.73
2025-03-01,Al Quoz Zone,25152.30
2025-03-01,Deira Zone,23943.82
2025-03-01,Bur Dubai Zone,16992.83
2025-03-01,Rashidiya Zone,12815.41
2025-03-02,Jebel Ali Zone,33334.33
2025-03-02,Al Quoz Zone,25185.81
2025-03-02,Deira Zone,22505.97
2025-03-02,Bur Dubai Zone,17704.02
2025-03-02,Rashidiya Zone,14880.58
2025-03-03,Jebel Ali Zone,44768.01
2025-03-03,Al Quoz Zone,35256.24
2025-03-03,Deira Zone,28402.75
2025-03-03,Bur Dubai Zone,24198.28
2025-03-03,Rashidiya Zone,17171.66
2025-03-04,Jebel Ali Zone,41144.62
2025-03-04,Al Quoz Zone,33013.01
2025-03-04,Deira Zone,28756.68
2025-03-04,Bur Dubai Zone,20313.15
2025-03-04,Rashidiya Zone,15779.84
2025-03-05,Jebel Ali Zone,45557.43
2025-03-05,Al Quoz Zone,33686.72
2025-03-05,Deira Zone,25267.24
2025-03-05,Bur Dubai Zone,22510.06
2025-03-05,Rashidiya Zone,17765.65
2025-03-06,Jebel Ali Zone,47010.48
2025-03-06,Al Quoz Zone,30782.73
2025-03-06,Deira Zone,30212.14
2025-03-06,Bur Dubai Zone,21625.82
2025-03-06,Rashidiya Zone,16962.73
2025-03-07,Jebel Ali Zone,47243.34
2025-03-07,Al Quoz Zone,34252.13
2025-03-07,Deira Zone,29381.72
2025-03-07,Bur Dubai Zone,24013.37
2025-03-07,Rashidiya Zone,17601.72
2025-03-08,Jebel Ali Zone,36566.58
2025-03-08,Al Quoz Zone,28172.39
2025-03-08,Deira Zone,24927.48
2025-03-08,Bur Dubai Zone,16927.25
2025-03-08,Rashidiya Zone,14949.67
2025-03-09,Jebel Ali Zone,33530.32
2025-03-09,Al Quoz Zone,25674.78
2025-03-09,Deira Zone,23458.02
2025-03-09,Bur Dubai Zone,19637.54
2025-03-09,Rashidiya Zone,13183.10
2025-03-10,Jebel Ali Zone,47627.26
2025-03-10,Al Quoz Zone,36461.23
2025-03-10,Deira Zone,27920.69
2025-03-10,Bur Dubai Zone,23998.60
2025-03-10,Rashidiya Zone,16860.40
2025-03-11,Jebel Ali Zone,45948.58
2025-03-11,Al Quoz Zone,30809.78
2025-03-11,Deira Zone,30860.92
2025-03-11,Bur Dubai Zone,20603.92
2025-03-11,Rashidiya Zone,16404.53
2025-03-12,Jebel Ali Zone,41610.70
2025-03-12,Al Quoz Zone,31632.61
2025-03-12,Deira Zone,29250.99
2025-03-12,Bur Dubai Zone,21520.91
2025-03-12,Rashidiya Zone,16199.83
2025-03-13,Jebel Ali Zone,48978.26
2025-03-13,Al Quoz Zone,34918.64
2025-03-13,Deira Zone,30249.43
2025-03-13,Bur Dubai Zone,23660.04
2025-03-13,Rashidiya Zone,17984.14
2025-03-14,Jebel Ali Zone,44433.22
2025-03-14,Al Quoz Zone,36086.76
2025-03-14,Deira Zone,27148.33
2025-03-14,Bur Dubai Zone,23151.85
2025-03-14,Rashidiya Zone,16630.81
2025-03-15,Jebel Ali Zone,41184.06
2025-03-15,Al Quoz Zone,30864.30
2025-03-15,Deira Zone,23918.96
2025-03-15,Bur Dubai Zone,17153.24
2025-03-15,Rashidiya Zone,15248.23
2025-03-16,Jebel Ali Zone,35232.24
2025-03-16,Al Quoz Zone,28368.48
2025-03-16,Deira Zone,21574.60
2025-03-16,Bur Dubai Zone,18727.40
2025-03-16,Rashidiya Zone,14209.15
2025-03-17,Jebel Ali Zone,47441.95
2025-03-17,Al Quoz Zone,34109.46
2025-03-17,Deira Zone,26726.17
2025-03-17,Bur Dubai Zone,22027.71
2025-03-17,Rashidiya Zone,18091.34
2025-03-18,Jebel Ali Zone,42705.08
2025-03-18,Al Quoz Zone,32889.03
2025-03-18,Deira Zone,29981.79
2025-03-18,Bur Dubai Zone,23489.60
2025-03-18,Rashidiya Zone,19103.58
2025-03-19,Jebel Ali Zone,46477.55
2025-03-19,Al Quoz Zone,37670.87
2025-03-19,Deira Zone,28296.71
2025-03-19,Bur Dubai Zone,22131.08
2025-03-19,Rashidiya Zone,16512.98
2025-03-20,Jebel Ali Zone,49038.32
2025-03-20,Al Quoz Zone,33470.00
2025-03-20,Deira Zone,29249.04
2025-03-20,Bur Dubai Zone,21559.35
2025-03-20,Rashidiya Zone,19185.55
2025-03-21,Jebel Ali Zone,42770.11
2025-03-21,Al Quoz Zone,36028.13
2025-03-21,Deira Zone,26710.10
2025-03-21,Bur Dubai Zone,21777.20
2025-03-21,Rashidiya Zone,16957.08
2025-03-22,Jebel Ali Zone,38540.67
2025-03-22,Al Quoz Zone,28505.93
2025-03-22,Deira Zone,25626.59
2025-03-22,Bur Dubai Zone,18240.12
2025-03-22,Rashidiya Zone,15495.88
2025-03-23,Jebel Ali Zone,42083.73
2025-03-23,Al Quoz Zone,29020.45
2025-03-23,Deira Zone,23353.31
2025-03-23,Bur Dubai Zone,19142.35
2025-03-23,Rashidiya Zone,13820.03
2025-03-24,Jebel Ali Zone,44251.74
2025-03-24,Al Quoz Zone,32977.74
2025-03-24,Deira Zone,32031.09
2025-03-24,Bur Dubai Zone,23577.56
2025-03-24,Rashidiya Zone,16606.36
2025-03-25,Jebel Ali Zone,44146.76
2025-03-25,Al Quoz Zone,32223.11
2025-03-25,Deira Zone,31292.19
2025-03-25,Bur Dubai Zone,25535.17
2025-03-25,Rashidiya Zone,17748.62
2025-03-26,Jebel Ali Zone,49410.89
2025-03-26,Al Quoz Zone,35656.72
2025-03-26,Deira Zone,27086.11
2025-03-26,Bur Dubai Zone,25237.68
2025-03-26,Rashidiya Zone,18825.38
2025-03-27,Jebel Ali Zone,46157.69
2025-03-27,Al Quoz Zone,33829.80
2025-03-27,Deira Zone,28178.50
2025-03-27,Bur Dubai Zone,24277.24
2025-03-27,Rashidiya Zone,18689.45
2025-03-28,Jebel Ali Zone,44489.09
2025-03-28,Al Quoz Zone,33056.90
2025-03-28,Deira Zone,29304.32
2025-03-28,Bur Dubai Zone,25849.95
2025-03-28,Rashidiya Zone,16878.55
2025-03-29,Jebel Ali Zone,35641.21
2025-03-29,Al Quoz Zone,29200.46
2025-03-29,Deira Zone,23296.73
2025-03-29,Bur Dubai Zone,20702.16
2025-03-29,Rashidiya Zone,14184.89
2025-03-30,Jebel Ali Zone,36362.02
2025-03-30,Al Quoz Zone,30026.21
2025-03-30,Deira Zone,26814.91
2025-03-30,Bur Dubai Zone,19091.03
2025-03-30,Rashidiya Zone,16060.07
2025-03-31,Jebel Ali Zone,46619.58
2025-03-31,Al Quoz Zone,37975.63
2025-03-31,Deira Zone,29017.41
2025-03-31,Bur Dubai Zone,22120.36
2025-03-31,Rashidiya Zone,16797.79
2025-04-01,Jebel Ali Zone,48850.20
2025-04-01,Al Quoz Zone,32778.76
2025-04-01,Deira Zone,28930.43
2025-04-01,Bur Dubai Zone,22123.73
2025-04-01,Rashidiya Zone,18447.73
2025-04-02,Jebel Ali Zone,44948.79
2025-04-02,Al Quoz Zone,34552.09
2025-04-02,Deira Zone,28429.67
2025-04-02,Bur Dubai Zone,23513.05
2025-04-02,Rashidiya Zone,17146.61
2025-04-03,Jebel Ali Zone,47873.11
2025-04-03,Al Quoz Zone,37164.52
2025-04-03,Deira Zone,27434.44
2025-04-03,Bur Dubai Zone,24713.76
2025-04-03,Rashidiya Zone,17627.35
2025-04-04,Jebel Ali Zone,45505.92
2025-04-04,Al Quoz Zone,35259.90
2025-04-04,Deira Zone,30116.66
2025-04-04,Bur Dubai Zone,22437.69
2025-04-04,Rashidiya Zone,18207.54
2025-04-05,Jebel Ali Zone,42225.09
2025-04-05,Al Quoz Zone,28873.99
2025-04-05,Deira Zone,23592.33
2025-04-05,Bur Dubai Zone,21147.38
2025-04-05,Rashidiya Zone,16366.03
2025-04-06,Jebel Ali Zone,37262.29
2025-04-06,Al Quoz Zone,27901.17
2025-04-06,Deira Zone,26190.29
2025-04-06,Bur Dubai Zone,19177.86
2025-04-06,Rashidiya Zone,14122.82
2025-04-07,Jebel Ali Zone,49305.24
2025-04-07,Al Quoz Zone,40413.89
2025-04-07,Deira Zone,29971.46
2025-04-07,Bur Dubai Zone,24091.90
2025-04-07,Rashidiya Zone,18642.74
2025-04-08,Jebel Ali Zone,44623.11
2025-04-08,Al Quoz Zone,40044.99
2025-04-08,Deira Zone,29056.38
2025-04-08,Bur Dubai Zone,24392.43
2025-04-08,Rashidiya Zone,19281.18
2025-04-09,Jebel Ali Zone,50886.84
2025-04-09,Al Quoz Zone,37658.49
2025-04-09,Deira Zone,30963.18
2025-04-09,Bur Dubai Zone,22433.06
2025-04-09,Rashidiya Zone,18775.11
2025-04-10,Jebel Ali Zone,45940.01
2025-04-10,Al Quoz Zone,34996.60
2025-04-10,Deira Zone,29419.12
2025-04-10,Bur Dubai Zone,26034.09
2025-04-10,Rashidiya Zone,18389.15
2025-04-11,Jebel Ali Zone,47668.05
2025-04-11,Al Quoz Zone,40834.56
2025-04-11,Deira Zone,33874.26
2025-04-11,Bur Dubai Zone,23483.09
2025-04-11,Rashidiya Zone,20000.82
2025-04-12,Jebel Ali Zone,36937.32
2025-04-12,Al Quoz Zone,29099.58
2025-04-12,Deira Zone,26356.55
2025-04-12,Bur Dubai Zone,20160.39
2025-04-12,Rashidiya Zone,14472.50
2025-04-13,Jebel Ali Zone,44581.68
2025-04-13,Al Quoz Zone,29464.34
2025-04-13,Deira Zone,23746.01
2025-04-13,Bur Dubai Zone,21956.78
2025-04-13,Rashidiya Zone,15213.44
2025-04-14,Jebel Ali Zone,50960.85
2025-04-14,Al Quoz Zone,38607.37
2025-04-14,Deira Zone,33091.66
2025-04-14,Bur Dubai Zone,23364.55
2025-04-14,Rashidiya Zone,20024.26
2025-04-15,Jebel Ali Zone,47527.59
2025-04-15,Al Quoz Zone,38824.91
2025-04-15,Deira Zone,30751.97
2025-04-15,Bur Dubai Zone,26804.09
2025-04-15,Rashidiya Zone,17307.19
2025-04-16,Jebel Ali Zone,52236.64
2025-04-16,Al Quoz Zone,37096.78
2025-04-16,Deira Zone,30275.72
2025-04-16,Bur Dubai Zone,25268.21
2025-04-16,Rashidiya Zone,20447.32
2025-04-17,Jebel Ali Zone,49838.36
2025-04-17,Al Quoz Zone,36925.92
2025-04-17,Deira Zone,31784.54
2025-04-17,Bur Dubai Zone,23389.86
2025-04-17,Rashidiya Zone,17638.57
2025-04-18,Jebel Ali Zone,46110.84
2025-04-18,Al Quoz Zone,37853.63
2025-04-18,Deira Zone,34017.74
2025-04-18,Bur Dubai Zone,23344.57
2025-04-18,Rashidiya Zone,19689.58
2025-04-19,Jebel Ali Zone,44007.45
2025-04-19,Al Quoz Zone,28769.16
2025-04-19,Deira Zone,25061.03
2025-04-19,Bur Dubai Zone,18685.84
2025-04-19,Rashidiya Zone,15900.08
2025-04-20,Jebel Ali Zone,43662.56
2025-04-20,Al Quoz Zone,32201.24
2025-04-20,Deira Zone,24963.74
2025-04-20,Bur Dubai Zone,19030.48
2025-04-20,Rashidiya Zone,15810.89
2025-04-21,Jebel Ali Zone,48538.74
2025-04-21,Al Quoz Zone,37292.01
2025-04-21,Deira Zone,28683.38
2025-04-21,Bur Dubai Zone,23348.07
2025-04-21,Rashidiya Zone,19636.63
2025-04-22,Jebel Ali Zone,50178.85
2025-04-22,Al Quoz Zone,38971.28
2025-04-22,Deira Zone,33360.23
2025-04-22,Bur Dubai Zone,24196.95
2025-04-22,Rashidiya Zone,19498.26
2025-04-23,Jebel Ali Zone,49559.09
2025-04-23,Al Quoz Zone,39655.33
2025-04-23,Deira Zone,32350.14
2025-04-23,Bur Dubai Zone,23117.34
2025-04-23,Rashidiya Zone,18450.72
2025-04-24,Jebel Ali Zone,53774.73
2025-04-24,Al Quoz Zone,36740.06
2025-04-24,Deira Zone,33800.13
2025-04-24,Bur Dubai Zone,24723.95
2025-04-24,Rashidiya Zone,18920.63
2025-04-25,Jebel Ali Zone,49123.11
2025-04-25,Al Quoz Zone,39303.97
2025-04-25,Deira Zone,29960.62
2025-04-25,Bur Dubai Zone,23269.12
2025-04-25,Rashidiya Zone,20728.92
2025-04-26,Jebel Ali Zone,44365.50
2025-04-26,Al Quoz Zone,29713.47
2025-04-26,Deira Zone,26472.40
2025-04-26,Bur Dubai Zone,19877.13
2025-04-26,Rashidiya Zone,14804.59
2025-04-27,Jebel Ali Zone,40851.02
2025-04-27,Al Quoz Zone,32351.20
2025-04-27,Deira Zone,24888.61
2025-04-27,Bur Dubai Zone,22638.32
2025-04-27,Rashidiya Zone,15460.43
2025-04-28,Jebel Ali Zone,51697.05
2025-04-28,Al Quoz Zone,35626.13
2025-04-28,Deira Zone,32868.65
2025-04-28,Bur Dubai Zone,25095.74
2025-04-28,Rashidiya Zone,17374.26
2025-04-29,Jebel Ali Zone,56192.67
2025-04-29,Al Quoz Zone,40182.90
2025-04-29,Deira Zone,29104.34
2025-04-29,Bur Dubai Zone,26711.22
2025-04-29,Rashidiya Zone,20636.96
2025-04-30,Jebel Ali Zone,53640.77
2025-04-30,Al Quoz Zone,40908.47
2025-04-30,Deira Zone,30682.80
2025-04-30,Bur Dubai Zone,25201.62
2025-04-30,Rashidiya Zone,19016.63
2025-05-01,Jebel Ali Zone,46915.25
2025-05-01,Al Quoz Zone,36426.38
2025-05-01,Deira Zone,34408.64
2025-05-01,Bur Dubai Zone,27924.55
2025-05-01,Rashidiya Zone,19673.68
2025-05-02,Jebel Ali Zone,50666.59
2025-05-02,Al Quoz Zone,36808.73
2025-05-02,Deira Zone,33175.86
2025-05-02,Bur Dubai Zone,26269.01
2025-05-02,Rashidiya Zone,20691.00
2025-05-03,Jebel Ali Zone,46315.84
2025-05-03,Al Quoz Zone,33609.06
2025-05-03,Deira Zone,24181.47
2025-05-03,Bur Dubai Zone,21367.94
2025-05-03,Rashidiya Zone,16921.35
2025-05-04,Jebel Ali Zone,45232.11
2025-05-04,Al Quoz Zone,33563.36
2025-05-04,Deira Zone,25434.29
2025-05-04,Bur Dubai Zone,20626.37
2025-05-04,Rashidiya Zone,17352.62
2025-05-05,Jebel Ali Zone,56436.98
2025-05-05,Al Quoz Zone,35131.48
2025-05-05,Deira Zone,35329.56
2025-05-05,Bur Dubai Zone,24357.34
2025-05-05,Rashidiya Zone,18895.29
2025-05-06,Jebel Ali Zone,56030.38
2025-05-06,Al Quoz Zone,41339.18
2025-05-06,Deira Zone,29429.06
2025-05-06,Bur Dubai Zone,23807.30
2025-05-06,Rashidiya Zone,18833.80
2025-05-07,Jebel Ali Zone,55567.84
2025-05-07,Al Quoz Zone,39894.74
2025-05-07,Deira Zone,29989.77
2025-05-07,Bur Dubai Zone,24625.47
2025-05-07,Rashidiya Zone,19191.07
2025-05-08,Jebel Ali Zone,56476.57
2025-05-08,Al Quoz Zone,39622.90
2025-05-08,Deira Zone,34694.93
2025-05-08,Bur Dubai Zone,24711.97
2025-05-08,Rashidiya Zone,20456.45
2025-05-09,Jebel Ali Zone,54762.72
2025-05-09,Al Quoz Zone,39560.76
2025-05-09,Deira Zone,30600.57
2025-05-09,Bur Dubai Zone,25503.49
2025-05-09,Rashidiya Zone,18261.97
2025-05-10,Jebel Ali Zone,38735.91
2025-05-10,Al Quoz Zone,29285.65
2025-05-10,Deira Zone,29141.06
2025-05-10,Bur Dubai Zone,20661.33
2025-05-10,Rashidiya Zone,15251.02
2025-05-11,Jebel Ali Zone,40054.74
2025-05-11,Al Quoz Zone,35002.86
2025-05-11,Deira Zone,25172.94
2025-05-11,Bur Dubai Zone,19501.94
2025-05-11,Rashidiya Zone,15606.99
2025-05-12,Jebel Ali Zone,55150.99
2025-05-12,Al Quoz Zone,41438.99
2025-05-12,Deira Zone,34224.35
2025-05-12,Bur Dubai Zone,27702.09
2025-05-12,Rashidiya Zone,18377.05
2025-05-13,Jebel Ali Zone,49177.37
2025-05-13,Al Quoz Zone,39955.13
2025-05-13,Deira Zone,32525.76
2025-05-13,Bur Dubai Zone,25633.44
2025-05-13,Rashidiya Zone,20511.72
2025-05-14,Jebel Ali Zone,52567.37
2025-05-14,Al Quoz Zone,37144.57
2025-05-14,Deira Zone,32296.02
2025-05-14,Bur Dubai Zone,25353.04
2025-05-14,Rashidiya Zone,20472.39
2025-05-15,Jebel Ali Zone,50131.59
2025-05-15,Al Quoz Zone,35501.65
2025-05-15,Deira Zone,33759.26
2025-05-15,Bur Dubai Zone,28714.15
2025-05-15,Rashidiya Zone,19078.22
2025-05-16,Jebel Ali Zone,57004.43
2025-05-16,Al Quoz Zone,35938.64
2025-05-16,Deira Zone,30841.65
2025-05-16,Bur Dubai Zone,24294.12
2025-05-16,Rashidiya Zone,21437.29
2025-05-17,Jebel Ali Zone,46379.38
2025-05-17,Al Quoz Zone,32526.69
2025-05-17,Deira Zone,27067.09
2025-05-17,Bur Dubai Zone,21718.84
2025-05-17,Rashidiya Zone,16656.02
2025-05-18,Jebel Ali Zone,39152.01
2025-05-18,Al Quoz Zone,32456.06
2025-05-18,Deira Zone,29313.58
2025-05-18,Bur Dubai Zone,20366.89
2025-05-18,Rashidiya Zone,16771.62
2025-05-19,Jebel Ali Zone,56081.10
2025-05-19,Al Quoz Zone,40399.03
2025-05-19,Deira Zone,31720.18
2025-05-19,Bur Dubai Zone,27721.71
2025-05-19,Rashidiya Zone,19224.88
2025-05-20,Jebel Ali Zone,56142.04
2025-05-20,Al Quoz Zone,37727.22
2025-05-20,Deira Zone,35531.52
2025-05-20,Bur Dubai Zone,25673.30
2025-05-20,Rashidiya Zone,18454.16
2025-05-21,Jebel Ali Zone,47820.04
2025-05-21,Al Quoz Zone,36649.35
2025-05-21,Deira Zone,35640.63
2025-05-21,Bur Dubai Zone,27333.88
2025-05-21,Rashidiya Zone,18080.61
2025-05-22,Jebel Ali Zone,54362.70
2025-05-22,Al Quoz Zone,39128.63
2025-05-22,Deira Zone,31838.46
2025-05-22,Bur Dubai Zone,27315.16
2025-05-22,Rashidiya Zone,21220.64
2025-05-23,Jebel Ali Zone,49473.19
2025-05-23,Al Quoz Zone,42172.90
2025-05-23,Deira Zone,30908.03
2025-05-23,Bur Dubai Zone,25557.09
2025-05-23,Rashidiya Zone,19131.80
2025-05-24,Jebel Ali Zone,42869.31
2025-05-24,Al Quoz Zone,31927.15
2025-05-24,Deira Zone,24781.40
2025-05-24,Bur Dubai Zone,19553.62
2025-05-24,Rashidiya Zone,15713.08
2025-05-25,Jebel Ali Zone,46319.28
2025-05-25,Al Quoz Zone,30218.48
2025-05-25,Deira Zone,29351.96
2025-05-25,Bur Dubai Zone,22006.41
2025-05-25,Rashidiya Zone,16979.39
2025-05-26,Jebel Ali Zone,54536.86
2025-05-26,Al Quoz Zone,36691.26
2025-05-26,Deira Zone,32424.25
2025-05-26,Bur Dubai Zone,25057.24
2025-05-26,Rashidiya Zone,18753.27
2025-05-27,Jebel Ali Zone,48870.99
2025-05-27,Al Quoz Zone,40551.56
2025-05-27,Deira Zone,33495.50
2025-05-27,Bur Dubai Zone,27170.30
2025-05-27,Rashidiya Zone,19598.45
2025-05-28,Jebel Ali Zone,49922.15
2025-05-28,Al Quoz Zone,39395.37
2025-05-28,Deira Zone,35573.54
2025-05-28,Bur Dubai Zone,29013.83
2025-05-28,Rashidiya Zone,20525.79
2025-05-29,Jebel Ali Zone,49446.34
2025-05-29,Al Quoz Zone,42303.02
2025-05-29,Deira Zone,29933.30
2025-05-29,Bur Dubai Zone,28337.20
2025-05-29,Rashidiya Zone,18849.79
2025-05-30,Jebel Ali Zone,51621.99
2025-05-30,Al Quoz Zone,42622.40
2025-05-30,Deira Zone,30867.80
2025-05-30,Bur Dubai Zone,24711.88
2025-05-30,Rashidiya Zone,19429.57
2025-05-31,Jebel Ali Zone,45223.81
2025-05-31,Al Quoz Zone,31763.92
2025-05-31,Deira Zone,25969.26
2025-05-31,Bur Dubai Zone,21934.55
2025-05-31,Rashidiya Zone,15635.10
2025-06-01,Jebel Ali Zone,43193.44
2025-06-01,Al Quoz Zone,34831.47
2025-06-01,Deira Zone,26301.89
2025-06-01,Bur Dubai Zone,19476.56
2025-06-01,Rashidiya Zone,16882.90
2025-06-02,Jebel Ali Zone,54890.76
2025-06-02,Al Quoz Zone,39924.01
2025-06-02,Deira Zone,33929.34
2025-06-02,Bur Dubai Zone,28802.65
2025-06-02,Rashidiya Zone,21734.80
2025-06-03,Jebel Ali Zone,57474.81
2025-06-03,Al Quoz Zone,43241.74
2025-06-03,Deira Zone,31491.49
2025-06-03,Bur Dubai Zone,24414.81
2025-06-03,Rashidiya Zone,21058.50
2025-06-04,Jebel Ali Zone,50306.09
2025-06-04,Al Quoz Zone,41947.53
2025-06-04,Deira Zone,34453.30
2025-06-04,Bur Dubai Zone,28496.19
2025-06-04,Rashidiya Zone,21397.21
2025-06-05,Jebel Ali Zone,57687.12
2025-06-05,Al Quoz Zone,42921.80
2025-06-05,Deira Zone,34865.15
2025-06-05,Bur Dubai Zone,25276.11
2025-06-05,Rashidiya Zone,19705.90
2025-06-06,Jebel Ali Zone,56589.62
2025-06-06,Al Quoz Zone,40758.07
2025-06-06,Deira Zone,30465.16
2025-06-06,Bur Dubai Zone,26860.88
2025-06-06,Rashidiya Zone,18286.17
2025-06-07,Jebel Ali Zone,45548.07
2025-06-07,Al Quoz Zone,31225.86
2025-06-07,Deira Zone,26495.14
2025-06-07,Bur Dubai Zone,22440.30
2025-06-07,Rashidiya Zone,16018.75
2025-06-08,Jebel Ali Zone,46715.18
2025-06-08,Al Quoz Zone,32517.83
2025-06-08,Deira Zone,27938.61
2025-06-08,Bur Dubai Zone,20897.32
2025-06-08,Rashidiya Zone,14912.71
2025-06-09,Jebel Ali Zone,48529.56
2025-06-09,Al Quoz Zone,42766.21
2025-06-09,Deira Zone,34928.01
2025-06-09,Bur Dubai Zone,23990.67
2025-06-09,Rashidiya Zone,19861.44
2025-06-10,Jebel Ali Zone,57354.20
2025-06-10,Al Quoz Zone,37839.86
2025-06-10,Deira Zone,35773.08
2025-06-10,Bur Dubai Zone,26220.37
2025-06-10,Rashidiya Zone,20741.85
2025-06-11,Jebel Ali Zone,55629.50
2025-06-11,Al Quoz Zone,37750.14
2025-06-11,Deira Zone,35672.40
2025-06-11,Bur Dubai Zone,24565.30
2025-06-11,Rashidiya Zone,18301.46
2025-06-12,Jebel Ali Zone,57436.24
2025-06-12,Al Quoz Zone,38786.80
2025-06-12,Deira Zone,34430.54
2025-06-12,Bur Dubai Zone,24972.55
2025-06-12,Rashidiya Zone,18619.51
2025-06-13,Jebel Ali Zone,49009.66
2025-06-13,Al Quoz Zone,39756.89
2025-06-13,Deira Zone,34115.20
2025-06-13,Bur Dubai Zone,25708.46
2025-06-13,Rashidiya Zone,18123.00
2025-06-14,Jebel Ali Zone,39243.23
2025-06-14,Al Quoz Zone,31819.60
2025-06-14,Deira Zone,27944.23
2025-06-14,Bur Dubai Zone,22085.30
2025-06-14,Rashidiya Zone,16617.80
2025-06-15,Jebel Ali Zone,44688.11
2025-06-15,Al Quoz Zone,34616.34
2025-06-15,Deira Zone,27065.04
2025-06-15,Bur Dubai Zone,20862.16
2025-06-15,Rashidiya Zone,14871.82
2025-06-16,Jebel Ali Zone,50143.77
2025-06-16,Al Quoz Zone,40791.82
2025-06-16,Deira Zone,31452.52
2025-06-16,Bur Dubai Zone,26835.51
2025-06-16,Rashidiya Zone,20757.62
2025-06-17,Jebel Ali Zone,52899.98
2025-06-17,Al Quoz Zone,40998.02
2025-06-17,Deira Zone,31455.83
2025-06-17,Bur Dubai Zone,26235.57
2025-06-17,Rashidiya Zone,21073.30
2025-06-18,Jebel Ali Zone,49956.97
2025-06-18,Al Quoz Zone,39889.97
2025-06-18,Deira Zone,29633.18
2025-06-18,Bur Dubai Zone,28735.93
2025-06-18,Rashidiya Zone,19964.41
2025-06-19,Jebel Ali Zone,47835.66
2025-06-19,Al Quoz Zone,35686.53
2025-06-19,Deira Zone,34470.87
2025-06-19,Bur Dubai Zone,26227.45
2025-06-19,Rashidiya Zone,18911.73
2025-06-20,Jebel Ali Zone,55608.06
2025-06-20,Al Quoz Zone,36467.25
2025-06-20,Deira Zone,30650.67
2025-06-20,Bur Dubai Zone,28720.53
2025-06-20,Rashidiya Zone,21012.14
2025-06-21,Jebel Ali Zone,42838.31
2025-06-21,Al Quoz Zone,30232.47
2025-06-21,Deira Zone,28643.55
2025-06-21,Bur Dubai Zone,19387.78
2025-06-21,Rashidiya Zone,16378.65
2025-06-22,Jebel Ali Zone,41351.68
2025-06-22,Al Quoz Zone,33046.19
2025-06-22,Deira Zone,25837.78
2025-06-22,Bur Dubai Zone,23402.38
2025-06-22,Rashidiya Zone,17434.35
2025-06-23,Jebel Ali Zone,48733.24
2025-06-23,Al Quoz Zone,40038.01
2025-06-23,Deira Zone,32294.14
2025-06-23,Bur Dubai Zone,28623.50
2025-06-23,Rashidiya Zone,20718.38
2025-06-24,Jebel Ali Zone,56606.98
2025-06-24,Al Quoz Zone,40705.69
2025-06-24,Deira Zone,31102.84
2025-06-24,Bur Dubai Zone,25266.82
2025-06-24,Rashidiya Zone,19610.59
2025-06-25,Jebel Ali Zone,55078.38
2025-06-25,Al Quoz Zone,37192.51
2025-06-25,Deira Zone,34165.99
2025-06-25,Bur Dubai Zone,24772.90
2025-06-25,Rashidiya Zone,19167.34
2025-06-26,Jebel Ali Zone,53349.36
2025-06-26,Al Quoz Zone,42179.34
2025-06-26,Deira Zone,31033.45
2025-06-26,Bur Dubai Zone,26971.10
2025-06-26,Rashidiya Zone,20969.51
2025-06-27,Jebel Ali Zone,47608.81
2025-06-27,Al Quoz Zone,37003.77
2025-06-27,Deira Zone,32442.42
2025-06-27,Bur Dubai Zone,26493.72
2025-06-27,Rashidiya Zone,17523.40
2025-06-28,Jebel Ali Zone,44232.95
2025-06-28,Al Quoz Zone,30147.99
2025-06-28,Deira Zone,25332.38
2025-06-28,Bur Dubai Zone,21938.41
2025-06-28,Rashidiya Zone,14436.53
2025-06-29,Jebel Ali Zone,46503.03
2025-06-29,Al Quoz Zone,32570.23
2025-06-29,Deira Zone,28752.94
2025-06-29,Bur Dubai Zone,20775.54
2025-06-29,Rashidiya Zone,14406.89
2025-06-30,Jebel Ali Zone,51939.97
2025-06-30,Al Quoz Zone,37052.25
2025-06-30,Deira Zone,29320.41
2025-06-30,Bur Dubai Zone,27446.96
2025-06-30,Rashidiya Zone,17708.88
2025-07-01,Jebel Ali Zone,53212.52
2025-07-01,Al Quoz Zone,40298.46
2025-07-01,Deira Zone,30000.76
2025-07-01,Bur Dubai Zone,26215.12
2025-07-01,Rashidiya Zone,19461.12
2025-07-02,Jebel Ali Zone,52148.44
2025-07-02,Al Quoz Zone,40111.56
2025-07-02,Deira Zone,31790.27
2025-07-02,Bur Dubai Zone,27378.28
2025-07-02,Rashidiya Zone,19481.13
2025-07-03,Jebel Ali Zone,46345.13
2025-07-03,Al Quoz Zone,38822.04
2025-07-03,Deira Zone,30416.50
2025-07-03,Bur Dubai Zone,25541.96
2025-07-03,Rashidiya Zone,17622.08
2025-07-04,Jebel Ali Zone,55128.02
2025-07-04,Al Quoz Zone,37390.81
2025-07-04,Deira Zone,29633.89
2025-07-04,Bur Dubai Zone,23323.04
2025-07-04,Rashidiya Zone,19855.56
2025-07-05,Jebel Ali Zone,42962.63
2025-07-05,Al Quoz Zone,29936.93
2025-07-05,Deira Zone,25914.78
2025-07-05,Bur Dubai Zone,20787.88
2025-07-05,Rashidiya Zone,16810.88
2025-07-06,Jebel Ali Zone,42210.09
2025-07-06,Al Quoz Zone,30207.67
2025-07-06,Deira Zone,27039.82
2025-07-06,Bur Dubai Zone,21550.87
2025-07-06,Rashidiya Zone,14974.06
2025-07-07,Jebel Ali Zone,52579.31
2025-07-07,Al Quoz Zone,39793.63
2025-07-07,Deira Zone,29801.82
2025-07-07,Bur Dubai Zone,23281.28
2025-07-07,Rashidiya Zone,20288.51
2025-07-08,Jebel Ali Zone,49388.77
2025-07-08,Al Quoz Zone,41180.45
2025-07-08,Deira Zone,32512.22
2025-07-08,Bur Dubai Zone,23183.85
2025-07-08,Rashidiya Zone,17404.32
2025-07-09,Jebel Ali Zone,55003.70
2025-07-09,Al Quoz Zone,36272.36
2025-07-09,Deira Zone,32982.50
2025-07-09,Bur Dubai Zone,25031.20
2025-07-09,Rashidiya Zone,20124.89
2025-07-10,Jebel Ali Zone,51138.64
2025-07-10,Al Quoz Zone,34594.12
2025-07-10,Deira Zone,29750.46
2025-07-10,Bur Dubai Zone,23075.62
2025-07-10,Rashidiya Zone,19984.61
2025-07-11,Jebel Ali Zone,52971.46
2025-07-11,Al Quoz Zone,34536.54
2025-07-11,Deira Zone,33474.58
2025-07-11,Bur Dubai Zone,25018.58
2025-07-11,Rashidiya Zone,18469.81
2025-07-12,Jebel Ali Zone,45410.14
2025-07-12,Al Quoz Zone,28244.70
2025-07-12,Deira Zone,28255.39
2025-07-12,Bur Dubai Zone,21539.34
2025-07-12,Rashidiya Zone,16524.92
2025-07-13,Jebel Ali Zone,41505.74
2025-07-13,Al Quoz Zone,29287.31
2025-07-13,Deira Zone,25340.31
2025-07-13,Bur Dubai Zone,22157.20
2025-07-13,Rashidiya Zone,15414.79
2025-07-14,Jebel Ali Zone,46667.87
2025-07-14,Al Quoz Zone,37429.26
2025-07-14,Deira Zone,29531.23
2025-07-14,Bur Dubai Zone,27389.22
2025-07-14,Rashidiya Zone,19937.96
2025-07-15,Jebel Ali Zone,51700.80
2025-07-15,Al Quoz Zone,34896.80
2025-07-15,Deira Zone,28666.32
2025-07-15,Bur Dubai Zone,25606.21
2025-07-15,Rashidiya Zone,18065.27
2025-07-16,Jebel Ali Zone,50394.92
2025-07-16,Al Quoz Zone,39344.20
2025-07-16,Deira Zone,30970.37
2025-07-16,Bur Dubai Zone,24364.72
2025-07-16,Rashidiya Zone,19158.35
2025-07-17,Jebel Ali Zone,48102.16
2025-07-17,Al Quoz Zone,38631.01
2025-07-17,Deira Zone,34387.79
2025-07-17,Bur Dubai Zone,24388.48
2025-07-17,Rashidiya Zone,19408.19
2025-07-18,Jebel Ali Zone,52404.28
2025-07-18,Al Quoz Zone,40722.63
2025-07-18,Deira Zone,28947.05
2025-07-18,Bur Dubai Zone,25201.83
2025-07-18,Rashidiya Zone,17669.08
2025-07-19,Jebel Ali Zone,41453.52
2025-07-19,Al Quoz Zone,31466.82
2025-07-19,Deira Zone,25558.39
2025-07-19,Bur Dubai Zone,20813.33
2025-07-19,Rashidiya Zone,13877.14
2025-07-20,Jebel Ali Zone,39147.80
2025-07-20,Al Quoz Zone,28247.05
2025-07-20,Deira Zone,27526.66
2025-07-20,Bur Dubai Zone,19125.73
2025-07-20,Rashidiya Zone,16705.33
2025-07-21,Jebel Ali Zone,47359.17
2025-07-21,Al Quoz Zone,38659.31
2025-07-21,Deira Zone,33448.35
2025-07-21,Bur Dubai Zone,25820.98
2025-07-21,Rashidiya Zone,18404.75
2025-07-22,Jebel Ali Zone,47284.03
2025-07-22,Al Quoz Zone,40570.07
2025-07-22,Deira Zone,32030.87
2025-07-22,Bur Dubai Zone,23141.95
2025-07-22,Rashidiya Zone,16810.79
2025-07-23,Jebel Ali Zone,53493.28
2025-07-23,Al Quoz Zone,36008.70
2025-07-23,Deira Zone,33099.14
2025-07-23,Bur Dubai Zone,25586.77
2025-07-23,Rashidiya Zone,20186.34
2025-07-24,Jebel Ali Zone,46625.71
2025-07-24,Al Quoz Zone,33445.12
2025-07-24,Deira Zone,29783.96
2025-07-24,Bur Dubai Zone,22853.32
2025-07-24,Rashidiya Zone,19748.27
2025-07-25,Jebel Ali Zone,48338.93
2025-07-25,Al Quoz Zone,35846.10
2025-07-25,Deira Zone,32520.90
2025-07-25,Bur Dubai Zone,26179.92
2025-07-25,Rashidiya Zone,17835.01
2025-07-26,Jebel Ali Zone,41854.62
2025-07-26,Al Quoz Zone,27817.55
2025-07-26,Deira Zone,23042.32
2025-07-26,Bur Dubai Zone,20504.43
2025-07-26,Rashidiya Zone,14866.28
2025-07-27,Jebel Ali Zone,40975.68
2025-07-27,Al Quoz Zone,29815.93
2025-07-27,Deira Zone,23497.43
2025-07-27,Bur Dubai Zone,18265.18
2025-07-27,Rashidiya Zone,15412.00
2025-07-28,Jebel Ali Zone,52613.00
2025-07-28,Al Quoz Zone,35348.74
2025-07-28,Deira Zone,30724.54
2025-07-28,Bur Dubai Zone,26445.82
2025-07-28,Rashidiya Zone,18005.69
2025-07-29,Jebel Ali Zone,52753.93
2025-07-29,Al Quoz Zone,36067.59
2025-07-29,Deira Zone,30765.00
2025-07-29,Bur Dubai Zone,22474.11
2025-07-29,Rashidiya Zone,17539.62
2025-07-30,Jebel Ali Zone,46109.43
2025-07-30,Al Quoz Zone,34076.54
2025-07-30,Deira Zone,31836.76
2025-07-30,Bur Dubai Zone,22277.50
2025-07-30,Rashidiya Zone,16900.08
2025-07-31,Jebel Ali Zone,50560.61
2025-07-31,Al Quoz Zone,32693.66
2025-07-31,Deira Zone,30535.52
2025-07-31,Bur Dubai Zone,26359.54
2025-07-31,Rashidiya Zone,19922.17
2025-08-01,Jebel Ali Zone,52050.31
2025-08-01,Al Quoz Zone,39677.41
2025-08-01,Deira Zone,31575.01
2025-08-01,Bur Dubai Zone,23124.03
2025-08-01,Rashidiya Zone,18031.10
2025-08-02,Jebel Ali Zone,35631.19
2025-08-02,Al Quoz Zone,30998.91
2025-08-02,Deira Zone,25576.33
2025-08-02,Bur Dubai Zone,20454.79
2025-08-02,Rashidiya Zone,14884.56
2025-08-03,Jebel Ali Zone,42820.85
2025-08-03,Al Quoz Zone,31074.52
2025-08-03,Deira Zone,23589.21
2025-08-03,Bur Dubai Zone,18903.71
2025-08-03,Rashidiya Zone,15477.77
2025-08-04,Jebel Ali Zone,47292.95
2025-08-04,Al Quoz Zone,35452.93
2025-08-04,Deira Zone,30423.89
2025-08-04,Bur Dubai Zone,22380.04
2025-08-04,Rashidiya Zone,18241.81
2025-08-05,Jebel Ali Zone,50898.19
2025-08-05,Al Quoz Zone,38697.61
2025-08-05,Deira Zone,28083.28
2025-08-05,Bur Dubai Zone,24962.70
2025-08-05,Rashidiya Zone,16879.79
2025-08-06,Jebel Ali Zone,44468.14
2025-08-06,Al Quoz Zone,33491.73
2025-08-06,Deira Zone,27233.23
2025-08-06,Bur Dubai Zone,22721.17
2025-08-06,Rashidiya Zone,18512.37
2025-08-07,Jebel Ali Zone,50723.87
2025-08-07,Al Quoz Zone,35832.04
2025-08-07,Deira Zone,27060.29
2025-08-07,Bur Dubai Zone,22089.24
2025-08-07,Rashidiya Zone,17630.39
2025-08-08,Jebel Ali Zone,44281.95
2025-08-08,Al Quoz Zone,35140.07
2025-08-08,Deira Zone,30450.90
2025-08-08,Bur Dubai Zone,22834.92
2025-08-08,Rashidiya Zone,19049.01
2025-08-09,Jebel Ali Zone,40410.41
2025-08-09,Al Quoz Zone,30399.94
2025-08-09,Deira Zone,25837.74
2025-08-09,Bur Dubai Zone,19893.23
2025-08-09,Rashidiya Zone,13940.80
2025-08-10,Jebel Ali Zone,37687.99
2025-08-10,Al Quoz Zone,27867.08
2025-08-10,Deira Zone,21659.06
2025-08-10,Bur Dubai Zone,19489.06
2025-08-10,Rashidiya Zone,15728.02
2025-08-11,Jebel Ali Zone,44789.65
2025-08-11,Al Quoz Zone,31714.88
2025-08-11,Deira Zone,26583.99
2025-08-11,Bur Dubai Zone,24141.32
2025-08-11,Rashidiya Zone,17224.15
2025-08-12,Jebel Ali Zone,48679.77
2025-08-12,Al Quoz Zone,37359.55
2025-08-12,Deira Zone,30913.37
2025-08-12,Bur Dubai Zone,21457.82
2025-08-12,Rashidiya Zone,18421.36
2025-08-13,Jebel Ali Zone,49258.32
2025-08-13,Al Quoz Zone,31869.45
2025-08-13,Deira Zone,27877.49
2025-08-13,Bur Dubai Zone,23547.48
2025-08-13,Rashidiya Zone,17524.14
2025-08-14,Jebel Ali Zone,44663.72
2025-08-14,Al Quoz Zone,33088.47
2025-08-14,Deira Zone,29118.82
2025-08-14,Bur Dubai Zone,23199.84
2025-08-14,Rashidiya Zone,18946.62
2025-08-15,Jebel Ali Zone,47190.24
2025-08-15,Al Quoz Zone,32526.61
2025-08-15,Deira Zone,28757.65
2025-08-15,Bur Dubai Zone,22687.47
2025-08-15,Rashidiya Zone,15878.21
2025-08-16,Jebel Ali Zone,35607.37
2025-08-16,Al Quoz Zone,25730.60
2025-08-16,Deira Zone,25543.27
2025-08-16,Bur Dubai Zone,19114.09
2025-08-16,Rashidiya Zone,12751.67
2025-08-17,Jebel Ali Zone,40073.34
2025-08-17,Al Quoz Zone,25734.57
2025-08-17,Deira Zone,22447.28
2025-08-17,Bur Dubai Zone,16951.12
2025-08-17,Rashidiya Zone,13405.74
2025-08-18,Jebel Ali Zone,43185.31
2025-08-18,Al Quoz Zone,35298.50
2025-08-18,Deira Zone,27010.90
2025-08-18,Bur Dubai Zone,23508.76
2025-08-18,Rashidiya Zone,17239.04
2025-08-19,Jebel Ali Zone,45947.20
2025-08-19,Al Quoz Zone,32589.94
2025-08-19,Deira Zone,26603.16
2025-08-19,Bur Dubai Zone,24740.13
2025-08-19,Rashidiya Zone,16439.44
2025-08-20,Jebel Ali Zone,46827.24
2025-08-20,Al Quoz Zone,32925.27
2025-08-20,Deira Zone,26726.27
2025-08-20,Bur Dubai Zone,22817.22
2025-08-20,Rashidiya Zone,16348.91
2025-08-21,Jebel Ali Zone,41470.69
2025-08-21,Al Quoz Zone,36129.95
2025-08-21,Deira Zone,30803.43
2025-08-21,Bur Dubai Zone,23313.28
2025-08-21,Rashidiya Zone,17113.02
2025-08-22,Jebel Ali Zone,45231.85
2025-08-22,Al Quoz Zone,34893.60
2025-08-22,Deira Zone,28083.61
2025-08-22,Bur Dubai Zone,21570.24
2025-08-22,Rashidiya Zone,18590.68
2025-08-23,Jebel Ali Zone,36259.22
2025-08-23,Al Quoz Zone,30257.81
2025-08-23,Deira Zone,21876.77
2025-08-23,Bur Dubai Zone,20283.37
2025-08-23,Rashidiya Zone,14568.31
2025-08-24,Jebel Ali Zone,34484.10
2025-08-24,Al Quoz Zone,26297.29
2025-08-24,Deira Zone,22341.65
2025-08-24,Bur Dubai Zone,17728.34
2025-08-24,Rashidiya Zone,14859.64
2025-08-25,Jebel Ali Zone,44999.84
2025-08-25,Al Quoz Zone,36012.58
2025-08-25,Deira Zone,30806.01
2025-08-25,Bur Dubai Zone,20797.66
2025-08-25,Rashidiya Zone,16672.89
2025-08-26,Jebel Ali Zone,40239.74
2025-08-26,Al Quoz Zone,30614.25
2025-08-26,Deira Zone,26121.83
2025-08-26,Bur Dubai Zone,21425.50
2025-08-26,Rashidiya Zone,18429.59
2025-08-27,Jebel Ali Zone,44467.64
2025-08-27,Al Quoz Zone,33117.00
2025-08-27,Deira Zone,26306.28
2025-08-27,Bur Dubai Zone,22846.58
2025-08-27,Rashidiya Zone,16482.39
2025-08-28,Jebel Ali Zone,46210.21
2025-08-28,Al Quoz Zone,32920.41
2025-08-28,Deira Zone,26819.62
2025-08-28,Bur Dubai Zone,22176.56
2025-08-28,Rashidiya Zone,16168.63
2025-08-29,Jebel Ali Zone,42813.04
2025-08-29,Al Quoz Zone,34170.06
2025-08-29,Deira Zone,28835.22
2025-08-29,Bur Dubai Zone,22667.55
2025-08-29,Rashidiya Zone,17201.84
2025-08-30,Jebel Ali Zone,32807.50
2025-08-30,Al Quoz Zone,28706.76
2025-08-30,Deira Zone,24365.63
2025-08-30,Bur Dubai Zone,19686.35
2025-08-30,Rashidiya Zone,14552.71
2025-08-31,Jebel Ali Zone,35892.68
2025-08-31,Al Quoz Zone,25514.88
2025-08-31,Deira Zone,23541.17
2025-08-31,Bur Dubai Zone,18049.88
2025-08-31,Rashidiya Zone,12212.75
2025-09-01,Jebel Ali Zone,43242.19
2025-09-01,Al Quoz Zone,34342.54
2025-09-01,Deira Zone,29723.01
2025-09-01,Bur Dubai Zone,23531.04
2025-09-01,Rashidiya Zone,15408.91
2025-09-02,Jebel Ali Zone,40647.96
2025-09-02,Al Quoz Zone,31929.12
2025-09-02,Deira Zone,28883.10
2025-09-02,Bur Dubai Zone,23614.29
2025-09-02,Rashidiya Zone,15352.34
2025-09-03,Jebel Ali Zone,43611.87
2025-09-03,Al Quoz Zone,31556.08
2025-09-03,Deira Zone,26789.94
2025-09-03,Bur Dubai Zone,20202.34
2025-09-03,Rashidiya Zone,16482.72
2025-09-04,Jebel Ali Zone,43123.66
2025-09-04,Al Quoz Zone,30934.00
2025-09-04,Deira Zone,26633.17
2025-09-04,Bur Dubai Zone,21203.61
2025-09-04,Rashidiya Zone,16625.72
2025-09-05,Jebel Ali Zone,43037.68
2025-09-05,Al Quoz Zone,33779.94
2025-09-05,Deira Zone,27284.93
2025-09-05,Bur Dubai Zone,23143.94
2025-09-05,Rashidiya Zone,15367.34
2025-09-06,Jebel Ali Zone,35028.25
2025-09-06,Al Quoz Zone,27272.81
2025-09-06,Deira Zone,21099.52
2025-09-06,Bur Dubai Zone,17991.17
2025-09-06,Rashidiya Zone,14153.76
2025-09-07,Jebel Ali Zone,33755.90
2025-09-07,Al Quoz Zone,27339.31
2025-09-07,Deira Zone,23457.62
2025-09-07,Bur Dubai Zone,17749.00
2025-09-07,Rashidiya Zone,11861.87
2025-09-08,Jebel Ali Zone,43669.68
2025-09-08,Al Quoz Zone,29393.90
2025-09-08,Deira Zone,26511.95
2025-09-08,Bur Dubai Zone,20379.63
2025-09-08,Rashidiya Zone,15637.52
2025-09-09,Jebel Ali Zone,39997.40
2025-09-09,Al Quoz Zone,32866.00
2025-09-09,Deira Zone,24966.12
2025-09-09,Bur Dubai Zone,20140.22
2025-09-09,Rashidiya Zone,16640.02
2025-09-10,Jebel Ali Zone,39842.00
2025-09-10,Al Quoz Zone,32943.90
2025-09-10,Deira Zone,27003.37
2025-09-10,Bur Dubai Zone,20666.32
2025-09-10,Rashidiya Zone,14878.57
2025-09-11,Jebel Ali Zone,38617.95
2025-09-11,Al Quoz Zone,34232.65
2025-09-11,Deira Zone,28828.85
2025-09-11,Bur Dubai Zone,20980.20
2025-09-11,Rashidiya Zone,14779.53
2025-09-12,Jebel Ali Zone,46127.34
2025-09-12,Al Quoz Zone,32333.48
2025-09-12,Deira Zone,26404.73
2025-09-12,Bur Dubai Zone,20824.85
2025-09-12,Rashidiya Zone,16748.12
2025-09-13,Jebel Ali Zone,35472.17
2025-09-13,Al Quoz Zone,23829.84
2025-09-13,Deira Zone,20875.98
2025-09-13,Bur Dubai Zone,16236.68
2025-09-13,Rashidiya Zone,12106.61
2025-09-14,Jebel Ali Zone,33950.20
2025-09-14,Al Quoz Zone,25905.89
2025-09-14,Deira Zone,21537.12
2025-09-14,Bur Dubai Zone,16034.31
2025-09-14,Rashidiya Zone,13437.41
2025-09-15,Jebel Ali Zone,41854.07
2025-09-15,Al Quoz Zone,28860.20
2025-09-15,Deira Zone,24544.65
2025-09-15,Bur Dubai Zone,19678.93
2025-09-15,Rashidiya Zone,16305.04
2025-09-16,Jebel Ali Zone,40695.65
2025-09-16,Al Quoz Zone,30139.85
2025-09-16,Deira Zone,23576.06
2025-09-16,Bur Dubai Zone,19154.85
2025-09-16,Rashidiya Zone,15511.64
2025-09-17,Jebel Ali Zone,39117.50
2025-09-17,Al Quoz Zone,30418.79
2025-09-17,Deira Zone,27508.16
2025-09-17,Bur Dubai Zone,20823.11
2025-09-17,Rashidiya Zone,16666.04
2025-09-18,Jebel Ali Zone,42072.87
2025-09-18,Al Quoz Zone,28436.63
2025-09-18,Deira Zone,26842.08
2025-09-18,Bur Dubai Zone,18860.98
2025-09-18,Rashidiya Zone,16898.78
2025-09-19,Jebel Ali Zone,37998.57
2025-09-19,Al Quoz Zone,32978.05
2025-09-19,Deira Zone,24242.64
2025-09-19,Bur Dubai Zone,19123.80
2025-09-19,Rashidiya Zone,15252.68
2025-09-20,Jebel Ali Zone,30244.32
2025-09-20,Al Quoz Zone,25187.15
2025-09-20,Deira Zone,22284.17
2025-09-20,Bur Dubai Zone,17085.81
2025-09-20,Rashidiya Zone,12713.70
2025-09-21,Jebel Ali Zone,30604.37
2025-09-21,Al Quoz Zone,25516.29
2025-09-21,Deira Zone,22768.55
2025-09-21,Bur Dubai Zone,17912.93
2025-09-21,Rashidiya Zone,11747.37
2025-09-22,Jebel Ali Zone,44724.54
2025-09-22,Al Quoz Zone,31373.66
2025-09-22,Deira Zone,27819.33
2025-09-22,Bur Dubai Zone,20157.91
2025-09-22,Rashidiya Zone,16629.44
2025-09-23,Jebel Ali Zone,40625.55
2025-09-23,Al Quoz Zone,32184.41
2025-09-23,Deira Zone,27006.73
2025-09-23,Bur Dubai Zone,19704.33
2025-09-23,Rashidiya Zone,14299.55
2025-09-24,Jebel Ali Zone,42414.48
2025-09-24,Al Quoz Zone,32350.17
2025-09-24,Deira Zone,27477.72
2025-09-24,Bur Dubai Zone,22121.41
2025-09-24,Rashidiya Zone,14150.73
2025-09-25,Jebel Ali Zone,38345.28
2025-09-25,Al Quoz Zone,29379.28
2025-09-25,Deira Zone,24297.78
2025-09-25,Bur Dubai Zone,20121.75
2025-09-25,Rashidiya Zone,16605.43
2025-09-26,Jebel Ali Zone,39798.64
2025-09-26,Al Quoz Zone,31832.33
2025-09-26,Deira Zone,26263.83
2025-09-26,Bur Dubai Zone,19934.33
2025-09-26,Rashidiya Zone,13582.64
2025-09-27,Jebel Ali Zone,35800.72
2025-09-27,Al Quoz Zone,25776.07
2025-09-27,Deira Zone,18676.71
2025-09-27,Bur Dubai Zone,16942.88
2025-09-27,Rashidiya Zone,11899.52
2025-09-28,Jebel Ali Zone,32511.22
2025-09-28,Al Quoz Zone,22550.08
2025-09-28,Deira Zone,18587.24
2025-09-28,Bur Dubai Zone,15370.32
2025-09-28,Rashidiya Zone,13274.96
2025-09-29,Jebel Ali Zone,41263.22
2025-09-29,Al Quoz Zone,32074.39
2025-09-29,Deira Zone,26267.99
2025-09-29,Bur Dubai Zone,17974.92
2025-09-29,Rashidiya Zone,15167.35
2025-09-30,Jebel Ali Zone,36262.63
2025-09-30,Al Quoz Zone,30081.14
2025-09-30,Deira Zone,26809.56
2025-09-30,Bur Dubai Zone,19300.45
2025-09-30,Rashidiya Zone,14205.93
2025-10-01,Jebel Ali Zone,40007.65
2025-10-01,Al Quoz Zone,28012.82
2025-10-01,Deira Zone,26647.42
2025-10-01,Bur Dubai Zone,19840.08
2025-10-01,Rashidiya Zone,16199.17
2025-10-02,Jebel Ali Zone,41880.50
2025-10-02,Al Quoz Zone,30918.47
2025-10-02,Deira Zone,25909.63
2025-10-02,Bur Dubai Zone,19432.60
2025-10-02,Rashidiya Zone,15221.75
2025-10-03,Jebel Ali Zone,41195.35
2025-10-03,Al Quoz Zone,32106.71
2025-10-03,Deira Zone,25381.35
2025-10-03,Bur Dubai Zone,20213.36
2025-10-03,Rashidiya Zone,14757.76
2025-10-04,Jebel Ali Zone,33698.51
2025-10-04,Al Quoz Zone,25467.52
2025-10-04,Deira Zone,18943.65
2025-10-04,Bur Dubai Zone,15811.49
2025-10-04,Rashidiya Zone,12313.07
2025-10-05,Jebel Ali Zone,34970.42
2025-10-05,Al Quoz Zone,25433.83
2025-10-05,Deira Zone,20575.59
2025-10-05,Bur Dubai Zone,17459.83
2025-10-05,Rashidiya Zone,11142.88
2025-10-06,Jebel Ali Zone,36613.63
2025-10-06,Al Quoz Zone,26210.48
2025-10-06,Deira Zone,24530.73
2025-10-06,Bur Dubai Zone,18796.96
2025-10-06,Rashidiya Zone,15702.35
2025-10-07,Jebel Ali Zone,35428.47
2025-10-07,Al Quoz Zone,27179.39
2025-10-07,Deira Zone,25711.30
2025-10-07,Bur Dubai Zone,18981.58
2025-10-07,Rashidiya Zone,14878.95
2025-10-08,Jebel Ali Zone,37059.61
2025-10-08,Al Quoz Zone,27072.05
2025-10-08,Deira Zone,23350.02
2025-10-08,Bur Dubai Zone,20782.63
2025-10-08,Rashidiya Zone,15780.40
2025-10-09,Jebel Ali Zone,40641.90
2025-10-09,Al Quoz Zone,27913.32
2025-10-09,Deira Zone,22442.72
2025-10-09,Bur Dubai Zone,21007.62
2025-10-09,Rashidiya Zone,15578.68
2025-10-10,Jebel Ali Zone,37477.90
2025-10-10,Al Quoz Zone,29462.86
2025-10-10,Deira Zone,22768.88
2025-10-10,Bur Dubai Zone,20004.98
2025-10-10,Rashidiya Zone,13941.60
2025-10-11,Jebel Ali Zone,31353.03
2025-10-11,Al Quoz Zone,23996.16
2025-10-11,Deira Zone,19338.70
2025-10-11,Bur Dubai Zone,14425.08
2025-10-11,Rashidiya Zone,11648.23
2025-10-12,Jebel Ali Zone,33100.51
2025-10-12,Al Quoz Zone,21270.97
2025-10-12,Deira Zone,19461.59
2025-10-12,Bur Dubai Zone,16040.74
2025-10-12,Rashidiya Zone,11272.97
2025-10-13,Jebel Ali Zone,37470.54
2025-10-13,Al Quoz Zone,29131.23
2025-10-13,Deira Zone,22223.24
2025-10-13,Bur Dubai Zone,17602.73
2025-10-13,Rashidiya Zone,13862.01
2025-10-14,Jebel Ali Zone,39708.10
2025-10-14,Al Quoz Zone,30719.83
2025-10-14,Deira Zone,25201.01
2025-10-14,Bur Dubai Zone,19062.20
2025-10-14,Rashidiya Zone,13475.70
2025-10-15,Jebel Ali Zone,35750.32
2025-10-15,Al Quoz Zone,30118.37
2025-10-15,Deira Zone,23974.58
2025-10-15,Bur Dubai Zone,19700.77
2025-10-15,Rashidiya Zone,14051.04
2025-10-16,Jebel Ali Zone,39244.29
2025-10-16,Al Quoz Zone,29280.56
2025-10-16,Deira Zone,22331.76
2025-10-16,Bur Dubai Zone,18037.83
2025-10-16,Rashidiya Zone,14789.60
2025-10-17,Jebel Ali Zone,38847.18
2025-10-17,Al Quoz Zone,25895.37
2025-10-17,Deira Zone,23794.29
2025-10-17,Bur Dubai Zone,19065.50
2025-10-17,Rashidiya Zone,14107.60
2025-10-18,Jebel Ali Zone,32917.57
2025-10-18,Al Quoz Zone,23089.79
2025-10-18,Deira Zone,20258.89
2025-10-18,Bur Dubai Zone,14978.85
2025-10-18,Rashidiya Zone,12450.38
2025-10-19,Jebel Ali Zone,27626.08
2025-10-19,Al Quoz Zone,24100.61
2025-10-19,Deira Zone,19562.73
2025-10-19,Bur Dubai Zone,16403.05
2025-10-19,Rashidiya Zone,10891.77
2025-10-20,Jebel Ali Zone,40182.99
2025-10-20,Al Quoz Zone,27277.18
2025-10-20,Deira Zone,21591.44
2025-10-20,Bur Dubai Zone,17646.83
2025-10-20,Rashidiya Zone,14206.29
2025-10-21,Jebel Ali Zone,35808.30
2025-10-21,Al Quoz Zone,29304.08
2025-10-21,Deira Zone,25557.79
2025-10-21,Bur Dubai Zone,20136.64
2025-10-21,Rashidiya Zone,14520.88
2025-10-22,Jebel Ali Zone,39247.47
2025-10-22,Al Quoz Zone,28040.46
2025-10-22,Deira Zone,23842.10
2025-10-22,Bur Dubai Zone,17379.12
2025-10-22,Rashidiya Zone,14699.65
2025-10-23,Jebel Ali Zone,35732.94
2025-10-23,Al Quoz Zone,27476.09
2025-10-23,Deira Zone,24844.10
2025-10-23,Bur Dubai Zone,16808.22
2025-10-23,Rashidiya Zone,13893.44
2025-10-24,Jebel Ali Zone,38484.05
2025-10-24,Al Quoz Zone,25435.93
2025-10-24,Deira Zone,23907.82
2025-10-24,Bur Dubai Zone,19287.58
2025-10-24,Rashidiya Zone,13235.09
2025-10-25,Jebel Ali Zone,31178.81
2025-10-25,Al Quoz Zone,20835.46
2025-10-25,Deira Zone,19075.17
2025-10-25,Bur Dubai Zone,14540.87
2025-10-25,Rashidiya Zone,10208.92
2025-10-26,Jebel Ali Zone,30572.15
2025-10-26,Al Quoz Zone,21708.55
2025-10-26,Deira Zone,18361.78
2025-10-26,Bur Dubai Zone,14629.33
2025-10-26,Rashidiya Zone,11664.45
2025-10-27,Jebel Ali Zone,38758.45
2025-10-27,Al Quoz Zone,27104.35
2025-10-27,Deira Zone,24134.78
2025-10-27,Bur Dubai Zone,17822.46
2025-10-27,Rashidiya Zone,13073.07
2025-10-28,Jebel Ali Zone,33146.98
2025-10-28,Al Quoz Zone,28762.61
2025-10-28,Deira Zone,21601.34
2025-10-28,Bur Dubai Zone,17862.76
2025-10-28,Rashidiya Zone,14209.15
2025-10-29,Jebel Ali Zone,34155.45
2025-10-29,Al Quoz Zone,24717.63
2025-10-29,Deira Zone,22364.96
2025-10-29,Bur Dubai Zone,17826.79
2025-10-29,Rashidiya Zone,13940.27
2025-10-30,Jebel Ali Zone,34459.49
2025-10-30,Al Quoz Zone,25979.97
2025-10-30,Deira Zone,21324.31
2025-10-30,Bur Dubai Zone,17960.60
2025-10-30,Rashidiya Zone,12377.74
2025-10-31,Jebel Ali Zone,35496.59
2025-10-31,Al Quoz Zone,26106.14
2025-10-31,Deira Zone,22508.92
2025-10-31,Bur Dubai Zone,18198.54
2025-10-31,Rashidiya Zone,13970.95
2025-11-01,Jebel Ali Zone,29719.00
2025-11-01,Al Quoz Zone,21017.28
2025-11-01,Deira Zone,17794.18
2025-11-01,Bur Dubai Zone,15228.69
2025-11-01,Rashidiya Zone,11525.62
2025-11-02,Jebel Ali Zone,27521.11
2025-11-02,Al Quoz Zone,23924.28
2025-11-02,Deira Zone,18664.28
2025-11-02,Bur Dubai Zone,14533.48
2025-11-02,Rashidiya Zone,12078.07
2025-11-03,Jebel Ali Zone,36161.67
2025-11-03,Al Quoz Zone,26690.20
2025-11-03,Deira Zone,24504.23
2025-11-03,Bur Dubai Zone,16963.32
2025-11-03,Rashidiya Zone,14822.15
2025-11-04,Jebel Ali Zone,33092.82
2025-11-04,Al Quoz Zone,25570.87
2025-11-04,Deira Zone,24319.98
2025-11-04,Bur Dubai Zone,18038.83
2025-11-04,Rashidiya Zone,13820.46
2025-11-05,Jebel Ali Zone,37388.60
2025-11-05,Al Quoz Zone,29583.95
2025-11-05,Deira Zone,21902.67
2025-11-05,Bur Dubai Zone,18075.57
2025-11-05,Rashidiya Zone,14604.16
2025-11-06,Jebel Ali Zone,36266.46
2025-11-06,Al Quoz Zone,28399.33
2025-11-06,Deira Zone,23191.67
2025-11-06,Bur Dubai Zone,16879.78
2025-11-06,Rashidiya Zone,13154.74
2025-11-07,Jebel Ali Zone,32419.01
2025-11-07,Al Quoz Zone,25075.64
2025-11-07,Deira Zone,24617.38
2025-11-07,Bur Dubai Zone,19376.13
2025-11-07,Rashidiya Zone,13163.38
2025-11-08,Jebel Ali Zone,30423.62
2025-11-08,Al Quoz Zone,19831.22
2025-11-08,Deira Zone,19092.78
2025-11-08,Bur Dubai Zone,15611.64
2025-11-08,Rashidiya Zone,10976.42
2025-11-09,Jebel Ali Zone,30963.12
2025-11-09,Al Quoz Zone,22206.71
2025-11-09,Deira Zone,19506.54
2025-11-09,Bur Dubai Zone,15051.37
2025-11-09,Rashidiya Zone,10627.75
2025-11-10,Jebel Ali Zone,33918.03
2025-11-10,Al Quoz Zone,26304.12
2025-11-10,Deira Zone,22845.67
2025-11-10,Bur Dubai Zone,17164.63
2025-11-10,Rashidiya Zone,12959.67
2025-11-11,Jebel Ali Zone,38353.94
2025-11-11,Al Quoz Zone,27174.50
2025-11-11,Deira Zone,20933.92
2025-11-11,Bur Dubai Zone,16313.65
2025-11-11,Rashidiya Zone,14525.23
2025-11-12,Jebel Ali Zone,36979.41
2025-11-12,Al Quoz Zone,29308.36
2025-11-12,Deira Zone,22761.56
2025-11-12,Bur Dubai Zone,17971.69
2025-11-12,Rashidiya Zone,14349.31
2025-11-13,Jebel Ali Zone,37420.08
2025-11-13,Al Quoz Zone,24274.09
2025-11-13,Deira Zone,21395.70
2025-11-13,Bur Dubai Zone,16365.09
2025-11-13,Rashidiya Zone,13305.88
2025-11-14,Jebel Ali Zone,36301.20
2025-11-14,Al Quoz Zone,28575.24
2025-11-14,Deira Zone,21269.73
2025-11-14,Bur Dubai Zone,17869.09
2025-11-14,Rashidiya Zone,12498.49
2025-11-15,Jebel Ali Zone,31538.20
2025-11-15,Al Quoz Zone,23371.75
2025-11-15,Deira Zone,16726.87
2025-11-15,Bur Dubai Zone,14999.16
2025-11-15,Rashidiya Zone,11567.27
2025-11-16,Jebel Ali Zone,30066.45
2025-11-16,Al Quoz Zone,23679.36
2025-11-16,Deira Zone,18714.70
2025-11-16,Bur Dubai Zone,14887.33
2025-11-16,Rashidiya Zone,10512.54
2025-11-17,Jebel Ali Zone,38645.69
2025-11-17,Al Quoz Zone,27745.93
2025-11-17,Deira Zone,24204.09
2025-11-17,Bur Dubai Zone,18145.69
2025-11-17,Rashidiya Zone,13481.40
2025-11-18,Jebel Ali Zone,35476.44
2025-11-18,Al Quoz Zone,25856.42
2025-11-18,Deira Zone,21071.59
2025-11-18,Bur Dubai Zone,19132.38
2025-11-18,Rashidiya Zone,14136.05
2025-11-19,Jebel Ali Zone,37702.70
2025-11-19,Al Quoz Zone,28544.73
2025-11-19,Deira Zone,20694.12
2025-11-19,Bur Dubai Zone,17406.12
2025-11-19,Rashidiya Zone,14462.02
2025-11-20,Jebel Ali Zone,32969.59
2025-11-20,Al Quoz Zone,29128.27
2025-11-20,Deira Zone,20307.90
2025-11-20,Bur Dubai Zone,16920.27
2025-11-20,Rashidiya Zone,14000.26
2025-11-21,Jebel Ali Zone,35289.43
2025-11-21,Al Quoz Zone,26380.74
2025-11-21,Deira Zone,21266.28
2025-11-21,Bur Dubai Zone,16445.83
2025-11-21,Rashidiya Zone,12569.25
2025-11-22,Jebel Ali Zone,27295.82
2025-11-22,Al Quoz Zone,23510.53
2025-11-22,Deira Zone,18676.94
2025-11-22,Bur Dubai Zone,14437.50
2025-11-22,Rashidiya Zone,10762.24
2025-11-23,Jebel Ali Zone,30367.43
2025-11-23,Al Quoz Zone,19717.58
2025-11-23,Deira Zone,17324.28
2025-11-23,Bur Dubai Zone,14346.75
2025-11-23,Rashidiya Zone,11628.76
2025-11-24,Jebel Ali Zone,36251.84
2025-11-24,Al Quoz Zone,25066.10
2025-11-24,Deira Zone,22211.62
2025-11-24,Bur Dubai Zone,18508.56
2025-11-24,Rashidiya Zone,12360.52
2025-11-25,Jebel Ali Zone,35534.18
2025-11-25,Al Quoz Zone,27357.13
2025-11-25,Deira Zone,21236.19
2025-11-25,Bur Dubai Zone,19131.89
2025-11-25,Rashidiya Zone,12823.62
2025-11-26,Jebel Ali Zone,38574.91
2025-11-26,Al Quoz Zone,23932.72
2025-11-26,Deira Zone,23167.89
2025-11-26,Bur Dubai Zone,16357.57
2025-11-26,Rashidiya Zone,12520.98
2025-11-27,Jebel Ali Zone,34722.33
2025-11-27,Al Quoz Zone,26285.23
2025-11-27,Deira Zone,20756.08
2025-11-27,Bur Dubai Zone,16696.74
2025-11-27,Rashidiya Zone,13242.35
2025-11-28,Jebel Ali Zone,37797.26
2025-11-28,Al Quoz Zone,28565.85
2025-11-28,Deira Zone,22833.26
2025-11-28,Bur Dubai Zone,17606.55
2025-11-28,Rashidiya Zone,13705.72
2025-11-29,Jebel Ali Zone,26072.76
2025-11-29,Al Quoz Zone,19656.42
2025-11-29,Deira Zone,17158.82
2025-11-29,Bur Dubai Zone,15144.20
2025-11-29,Rashidiya Zone,10759.84
2025-11-30,Jebel Ali Zone,27884.20
2025-11-30,Al Quoz Zone,20094.96
2025-11-30,Deira Zone,19700.93
2025-11-30,Bur Dubai Zone,13427.04
2025-11-30,Rashidiya Zone,10378.89
2025-12-01,Jebel Ali Zone,37997.85
2025-12-01,Al Quoz Zone,27552.17
2025-12-01,Deira Zone,21656.36
2025-12-01,Bur Dubai Zone,16236.20
2025-12-01,Rashidiya Zone,11889.79
2025-12-02,Jebel Ali Zone,32381.52
2025-12-02,Al Quoz Zone,26730.62
2025-12-02,Deira Zone,22072.27
2025-12-02,Bur Dubai Zone,18967.48
2025-12-02,Rashidiya Zone,14209.49
2025-12-03,Jebel Ali Zone,34645.22
2025-12-03,Al Quoz Zone,26635.04
2025-12-03,Deira Zone,22885.73
2025-12-03,Bur Dubai Zone,18265.68
2025-12-03,Rashidiya Zone,12096.94
2025-12-04,Jebel Ali Zone,38464.49
2025-12-04,Al Quoz Zone,24790.64
2025-12-04,Deira Zone,22829.95
2025-12-04,Bur Dubai Zone,19290.95
2025-12-04,Rashidiya Zone,12551.33
2025-12-05,Jebel Ali Zone,33894.83
2025-12-05,Al Quoz Zone,24767.70
2025-12-05,Deira Zone,23445.36
2025-12-05,Bur Dubai Zone,16003.29
2025-12-05,Rashidiya Zone,14475.68
2025-12-06,Jebel Ali Zone,30629.76
2025-12-06,Al Quoz Zone,20561.25
2025-12-06,Deira Zone,19168.63
2025-12-06,Bur Dubai Zone,14739.89
2025-12-06,Rashidiya Zone,11653.71
2025-12-07,Jebel Ali Zone,30122.01
2025-12-07,Al Quoz Zone,23788.29
2025-12-07,Deira Zone,19570.21
2025-12-07,Bur Dubai Zone,15845.96
2025-12-07,Rashidiya Zone,9831.80
2025-12-08,Jebel Ali Zone,32076.52
2025-12-08,Al Quoz Zone,26822.21
2025-12-08,Deira Zone,22246.11
2025-12-08,Bur Dubai Zone,17329.48
2025-12-08,Rashidiya Zone,14262.40
2025-12-09,Jebel Ali Zone,38663.72
2025-12-09,Al Quoz Zone,28459.53
2025-12-09,Deira Zone,23346.01
2025-12-09,Bur Dubai Zone,16985.38
2025-12-09,Rashidiya Zone,12233.48
2025-12-10,Jebel Ali Zone,32464.46
2025-12-10,Al Quoz Zone,28053.23
2025-12-10,Deira Zone,23706.46
2025-12-10,Bur Dubai Zone,19385.59
2025-12-10,Rashidiya Zone,14363.17
2025-12-11,Jebel Ali Zone,34483.93
2025-12-11,Al Quoz Zone,25804.13
2025-12-11,Deira Zone,20342.91
2025-12-11,Bur Dubai Zone,18830.26
2025-12-11,Rashidiya Zone,12061.15
2025-12-12,Jebel Ali Zone,34081.81
2025-12-12,Al Quoz Zone,26192.46
2025-12-12,Deira Zone,22790.05
2025-12-12,Bur Dubai Zone,19450.73
2025-12-12,Rashidiya Zone,14248.90
2025-12-13,Jebel Ali Zone,30520.39
2025-12-13,Al Quoz Zone,21640.09
2025-12-13,Deira Zone,16928.09
2025-12-13,Bur Dubai Zone,14432.43
2025-12-13,Rashidiya Zone,10199.46
2025-12-14,Jebel Ali Zone,26696.73
2025-12-14,Al Quoz Zone,20744.05
2025-12-14,Deira Zone,18993.88
2025-12-14,Bur Dubai Zone,15174.82
2025-12-14,Rashidiya Zone,10557.98
2025-12-15,Jebel Ali Zone,35352.75
2025-12-15,Al Quoz Zone,28911.71
2025-12-15,Deira Zone,21090.78
2025-12-15,Bur Dubai Zone,16566.86
2025-12-15,Rashidiya Zone,13158.64
2025-12-16,Jebel Ali Zone,34500.76
2025-12-16,Al Quoz Zone,25697.16
2025-12-16,Deira Zone,23372.22
2025-12-16,Bur Dubai Zone,18805.09
2025-12-16,Rashidiya Zone,12546.39
2025-12-17,Jebel Ali Zone,38137.41
2025-12-17,Al Quoz Zone,24848.07
2025-12-17,Deira Zone,22175.08
2025-12-17,Bur Dubai Zone,19203.73
2025-12-17,Rashidiya Zone,13696.20
2025-12-18,Jebel Ali Zone,38319.60
2025-12-18,Al Quoz Zone,28200.06
2025-12-18,Deira Zone,22182.45
2025-12-18,Bur Dubai Zone,16695.09
2025-12-18,Rashidiya Zone,13706.99
2025-12-19,Jebel Ali Zone,37244.70
2025-12-19,Al Quoz Zone,27958.00
2025-12-19,Deira Zone,22782.75
2025-12-19,Bur Dubai Zone,16981.66
2025-12-19,Rashidiya Zone,13633.08
2025-12-20,Jebel Ali Zone,31595.70
2025-12-20,Al Quoz Zone,22963.56
2025-12-20,Deira Zone,18852.10
2025-12-20,Bur Dubai Zone,15102.67
2025-12-20,Rashidiya Zone,11929.68
2025-12-21,Jebel Ali Zone,30618.75
2025-12-21,Al Quoz Zone,20334.32
2025-12-21,Deira Zone,17423.46
2025-12-21,Bur Dubai Zone,15071.52
2025-12-21,Rashidiya Zone,11726.38
2025-12-22,Jebel Ali Zone,38884.44
2025-12-22,Al Quoz Zone,28986.09
2025-12-22,Deira Zone,23490.28
2025-12-22,Bur Dubai Zone,19689.94
2025-12-22,Rashidiya Zone,13380.65
2025-12-23,Jebel Ali Zone,33016.34
2025-12-23,Al Quoz Zone,26624.19
2025-12-23,Deira Zone,23688.90
2025-12-23,Bur Dubai Zone,18461.80
2025-12-23,Rashidiya Zone,13862.75
2025-12-24,Jebel Ali Zone,35483.73
2025-12-24,Al Quoz Zone,28941.01
2025-12-24,Deira Zone,20330.28
2025-12-24,Bur Dubai Zone,17440.49
2025-12-24,Rashidiya Zone,12771.84
2025-12-25,Jebel Ali Zone,33129.74
2025-12-25,Al Quoz Zone,29378.92
2025-12-25,Deira Zone,23438.05
2025-12-25,Bur Dubai Zone,19367.98
2025-12-25,Rashidiya Zone,13150.73
2025-12-26,Jebel Ali Zone,34512.73
2025-12-26,Al Quoz Zone,29632.73
2025-12-26,Deira Zone,23118.45
2025-12-26,Bur Dubai Zone,17628.51
2025-12-26,Rashidiya Zone,14297.73
2025-12-27,Jebel Ali Zone,31434.12
2025-12-27,Al Quoz Zone,23747.82
2025-12-27,Deira Zone,17565.52
2025-12-27,Bur Dubai Zone,14792.12
2025-12-27,Rashidiya Zone,10262.80
2025-12-28,Jebel Ali Zone,27618.83
2025-12-28,Al Quoz Zone,20145.85
2025-12-28,Deira Zone,17781.50
2025-12-28,Bur Dubai Zone,15310.97
2025-12-28,Rashidiya Zone,11347.71
2025-12-29,Jebel Ali Zone,36846.41
2025-12-29,Al Quoz Zone,24510.99
2025-12-29,Deira Zone,21703.99
2025-12-29,Bur Dubai Zone,17519.33
2025-12-29,Rashidiya Zone,13683.08
2025-12-30,Jebel Ali Zone,32986.29
2025-12-30,Al Quoz Zone,25007.59
2025-12-30,Deira Zone,24870.84
2025-12-30,Bur Dubai Zone,16942.19
2025-12-30,Rashidiya Zone,13219.04
2025-12-31,Jebel Ali Zone,38187.71
2025-12-31,Al Quoz Zone,28743.08
2025-12-31,Deira Zone,24502.47
2025-12-31,Bur Dubai Zone,16460.07
2025-12-31,Rashidiya Zone,13436.66
2026-01-01,Jebel Ali Zone,38124.03
2026-01-01,Al Quoz Zone,29772.57
2026-01-01,Deira Zone,22595.74
2026-01-01,Bur Dubai Zone,16496.20
2026-01-01,Rashidiya Zone,14025.23
2026-01-02,Jebel Ali Zone,33255.00
2026-01-02,Al Quoz Zone,28466.95
2026-01-02,Deira Zone,23651.98
2026-01-02,Bur Dubai Zone,16789.47
2026-01-02,Rashidiya Zone,13703.26
2026-01-03,Jebel Ali Zone,32724.70
2026-01-03,Al Quoz Zone,23226.57
2026-01-03,Deira Zone,19340.64
2026-01-03,Bur Dubai Zone,14595.72
2026-01-03,Rashidiya Zone,12008.93
2026-01-04,Jebel Ali Zone,30328.65
2026-01-04,Al Quoz Zone,20775.51
2026-01-04,Deira Zone,18730.00
2026-01-04,Bur Dubai Zone,14932.01
2026-01-04,Rashidiya Zone,11631.43
2026-01-05,Jebel Ali Zone,35445.35
2026-01-05,Al Quoz Zone,29463.22
2026-01-05,Deira Zone,20995.09
2026-01-05,Bur Dubai Zone,18632.33
2026-01-05,Rashidiya Zone,12860.84
2026-01-06,Jebel Ali Zone,39162.39
2026-01-06,Al Quoz Zone,26860.55
2026-01-06,Deira Zone,21808.26
2026-01-06,Bur Dubai Zone,19817.57
2026-01-06,Rashidiya Zone,13414.98
2026-01-07,Jebel Ali Zone,38793.16
2026-01-07,Al Quoz Zone,25529.10
2026-01-07,Deira Zone,25328.52
2026-01-07,Bur Dubai Zone,17195.43
2026-01-07,Rashidiya Zone,13298.38
2026-01-08,Jebel Ali Zone,35097.38
2026-01-08,Al Quoz Zone,27478.54
2026-01-08,Deira Zone,25480.22
2026-01-08,Bur Dubai Zone,17578.78
2026-01-08,Rashidiya Zone,14609.48
2026-01-09,Jebel Ali Zone,36793.30
2026-01-09,Al Quoz Zone,27631.68
2026-01-09,Deira Zone,24960.13
2026-01-09,Bur Dubai Zone,18616.23
2026-01-09,Rashidiya Zone,13607.13
2026-01-10,Jebel Ali Zone,27720.80
2026-01-10,Al Quoz Zone,23984.87
2026-01-10,Deira Zone,18916.88
2026-01-10,Bur Dubai Zone,15680.91
2026-01-10,Rashidiya Zone,11670.95
2026-01-11,Jebel Ali Zone,31114.09
2026-01-11,Al Quoz Zone,21484.49
2026-01-11,Deira Zone,17819.17
2026-01-11,Bur Dubai Zone,16484.03
2026-01-11,Rashidiya Zone,12090.57
2026-01-12,Jebel Ali Zone,39044.60
2026-01-12,Al Quoz Zone,27658.77
2026-01-12,Deira Zone,23963.70
2026-01-12,Bur Dubai Zone,19053.10
2026-01-12,Rashidiya Zone,13330.61
2026-01-13,Jebel Ali Zone,37660.43
2026-01-13,Al Quoz Zone,30674.05
2026-01-13,Deira Zone,25074.69
2026-01-13,Bur Dubai Zone,20245.34
2026-01-13,Rashidiya Zone,14757.23
2026-01-14,Jebel Ali Zone,35739.82
2026-01-14,Al Quoz Zone,27513.52
2026-01-14,Deira Zone,23584.24
2026-01-14,Bur Dubai Zone,20279.10
2026-01-14,Rashidiya Zone,13785.27
2026-01-15,Jebel Ali Zone,34888.38
2026-01-15,Al Quoz Zone,27882.23
2026-01-15,Deira Zone,21683.78
2026-01-15,Bur Dubai Zone,20187.48
2026-01-15,Rashidiya Zone,15580.34
2026-01-16,Jebel Ali Zone,36015.36
2026-01-16,Al Quoz Zone,30931.46
2026-01-16,Deira Zone,23828.34
2026-01-16,Bur Dubai Zone,20854.08
2026-01-16,Rashidiya Zone,15378.74
2026-01-17,Jebel Ali Zone,30134.04
2026-01-17,Al Quoz Zone,24839.85
2026-01-17,Deira Zone,21303.29
2026-01-17,Bur Dubai Zone,16588.67
2026-01-17,Rashidiya Zone,10615.87
2026-01-18,Jebel Ali Zone,33836.74
2026-01-18,Al Quoz Zone,24872.12
2026-01-18,Deira Zone,18385.68
2026-01-18,Bur Dubai Zone,17135.91
2026-01-18,Rashidiya Zone,11686.68
2026-01-19,Jebel Ali Zone,35504.56
2026-01-19,Al Quoz Zone,28012.46
2026-01-19,Deira Zone,24608.69
2026-01-19,Bur Dubai Zone,18489.90
2026-01-19,Rashidiya Zone,14709.43
2026-01-20,Jebel Ali Zone,38811.86
2026-01-20,Al Quoz Zone,26541.80
2026-01-20,Deira Zone,23355.28
2026-01-20,Bur Dubai Zone,19245.72
2026-01-20,Rashidiya Zone,15568.21
2026-01-21,Jebel Ali Zone,38532.48
2026-01-21,Al Quoz Zone,29585.77
2026-01-21,Deira Zone,23004.16
2026-01-21,Bur Dubai Zone,19092.55
2026-01-21,Rashidiya Zone,14558.03
2026-01-22,Jebel Ali Zone,37408.35
2026-01-22,Al Quoz Zone,30751.53
2026-01-22,Deira Zone,25079.85
2026-01-22,Bur Dubai Zone,18338.32
2026-01-22,Rashidiya Zone,14637.41
2026-01-23,Jebel Ali Zone,40573.83
2026-01-23,Al Quoz Zone,27987.59
2026-01-23,Deira Zone,25926.40
2026-01-23,Bur Dubai Zone,18867.26
2026-01-23,Rashidiya Zone,14017.61
2026-01-24,Jebel Ali Zone,33509.06
2026-01-24,Al Quoz Zone,23112.97
2026-01-24,Deira Zone,21112.81
2026-01-24,Bur Dubai Zone,15622.64
2026-01-24,Rashidiya Zone,11530.91
2026-01-25,Jebel Ali Zone,31587.28
2026-01-25,Al Quoz Zone,26242.46
2026-01-25,Deira Zone,20068.57
2026-01-25,Bur Dubai Zone,14845.32
2026-01-25,Rashidiya Zone,12514.12
2026-01-26,Jebel Ali Zone,37117.00
2026-01-26,Al Quoz Zone,30089.74
2026-01-26,Deira Zone,24034.95
2026-01-26,Bur Dubai Zone,19107.96
2026-01-26,Rashidiya Zone,13856.52
2026-01-27,Jebel Ali Zone,37540.76
2026-01-27,Al Quoz Zone,26995.64
2026-01-27,Deira Zone,24018.53
2026-01-27,Bur Dubai Zone,18501.31
2026-01-27,Rashidiya Zone,14557.51
2026-01-28,Jebel Ali Zone,36192.09
2026-01-28,Al Quoz Zone,27971.08
2026-01-28,Deira Zone,24944.84
2026-01-28,Bur Dubai Zone,20960.55
2026-01-28,Rashidiya Zone,13929.91
2026-01-29,Jebel Ali Zone,38471.54
2026-01-29,Al Quoz Zone,31862.42
2026-01-29,Deira Zone,22281.64
2026-01-29,Bur Dubai Zone,18446.89
2026-01-29,Rashidiya Zone,15825.97
2026-01-30,Jebel Ali Zone,38178.74
2026-01-30,Al Quoz Zone,31325.51
2026-01-30,Deira Zone,22306.19
2026-01-30,Bur Dubai Zone,20334.05
2026-01-30,Rashidiya Zone,13639.58
2026-01-31,Jebel Ali Zone,32488.93
2026-01-31,Al Quoz Zone,23471.10
2026-01-31,Deira Zone,21803.72
2026-01-31,Bur Dubai Zone,16638.92
2026-01-31,Rashidiya Zone,11387.29
2026-02-01,Jebel Ali Zone,30039.91
2026-02-01,Al Quoz Zone,25433.68
2026-02-01,Deira Zone,20212.62
2026-02-01,Bur Dubai Zone,17416.82
2026-02-01,Rashidiya Zone,12915.60
2026-02-02,Jebel Ali Zone,36976.94
2026-02-02,Al Quoz Zone,30732.90
2026-02-02,Deira Zone,27021.18
2026-02-02,Bur Dubai Zone,19564.61
2026-02-02,Rashidiya Zone,14852.36
2026-02-03,Jebel Ali Zone,38016.14
2026-02-03,Al Quoz Zone,32280.98
2026-02-03,Deira Zone,27508.21
2026-02-03,Bur Dubai Zone,19813.87
2026-02-03,Rashidiya Zone,16141.07
2026-02-04,Jebel Ali Zone,40757.68
2026-02-04,Al Quoz Zone,27796.75
2026-02-04,Deira Zone,23236.54
2026-02-04,Bur Dubai Zone,18951.69
2026-02-04,Rashidiya Zone,14269.75
